id,email,first_name,patronymic,surname,hash_password,role
1,kuznetsov1@mail.ru,Глеб,Егорович,Кузнецов,$2b$12$Kbh2MJU6rEw/6UOzq7as3OKLbLZGsiOHnfw5heDzmbDSbK2qirR3m,user
2,yakovlev2@mail.ru,Арсений,Дмитриевич,Яковлев,$2b$12$Kbh2MJU6rEw/6UOzq7as3OKLbLZGsiOHnfw5heDzmbDSbK2qirR3m,user
3,melnikova3@mail.ru,Зоя,Аркадьевна,Мельникова,$2b$12$Kbh2MJU6rEw/6UOzq7as3OKLbLZGsiOHnfw5heDzmbDSbK2qirR3m,user
4,filatova4@mail.ru,Ксения,Игоревна,Филатова,$2b$12$Kbh2MJU6rEw/6UOzq7as3OKLbLZGsiOHnfw5heDzmbDSbK2qirR3m,user
5,zhdanova5@mail.ru,Раиса,Юрьевна,Жданова,$2b$12$Kbh2MJU6rEw/6UOzq7as3OKLbLZGsiOHnfw5heDzmbDSbK2qirR3m,user
6,belova6@mail.ru,Нина,Олеговна,Белова,$2b$12$Kbh2MJU6rEw/6UOzq7as3OKLbLZGsiOHnfw5heDzmbDSbK2qirR3m,user
7,kulagina7@mail.ru,Екатерина,Сергеевна,Кулагина,$2b$12$Kbh2MJU6rEw/6UOzq7as3OKLbLZGsiOHnfw5heDzmbDSbK2qirR3m,user
8,maksimov8@mail.ru,Игорь,Григорьевич,Максимов,$2b$12$Kbh2MJU6rEw/6UOzq7as3OKLbLZGsiOHnfw5heDzmbDSbK2qirR3m,user
9,panina9@mail.ru,Тамара,Тарасовна,Панина,$2b$12$Kbh2MJU6rEw/6UOzq7as3OKLbLZGsiOHnfw5heDzmbDSbK2qirR3m,user
10,osipov10@mail.ru,Виктор,Геннадьевич,Осипов,$2b$12$Kbh2MJU6rEw/6UOzq7as3OKLbLZGsiOHnfw5heDzmbDSbK2qirR3m,user
11,semyonov11@mail.ru,Артём,Григорьевич,Семёнов,$2b$12$Kbh2MJU6rEw/6UOzq7as3OKLbLZGsiOHnfw5heDzmbDSbK2qirR3m,user
12,shubina12@mail.ru,Тамара,Борисовна,Шубина,$2b$12$Kbh2MJU6rEw/6UOzq7as3OKLbLZGsiOHnfw5heDzmbDSbK2qirR3m,user
13,pavlova13@mail.ru,Жанна,Романовна,Павлова,$2b$12$Kbh2MJU6rEw/6UOzq7as3OKLbLZGsiOHnfw5heDzmbDSbK2qirR3m,user
14,maksimova14@mail.ru,Анна,Алексеевна,Максимова,$2b$12$Kbh2MJU6rEw/6UOzq7as3OKLbLZGsiOHnfw5heDzmbDSbK2qirR3m,user
15,davydova15@mail.ru,Людмила,Вадимовна,Давыдова,$2b$12$Kbh2MJU6rEw/6UOzq7as3OKLbLZGsiOHnfw5heDzmbDSbK2qirR3m,user
16,yakovlev16@mail.ru,Роман,Дмитриевич,Яковлев,$2b$12$Kbh2MJU6rEw/6UOzq7as3OKLbLZGsiOHnfw5heDzmbDSbK2qirR3m,user
17,kulikova17@mail.ru,Олеся,Семёновна,Куликова,$2b$12$Kbh2MJU6rEw/6UOzq7as3OKLbLZGsiOHnfw5heDzmbDSbK2qirR3m,user
18,nikiforova18@mail.ru,Зоя,Вадимовна,Никифорова,$2b$12$Kbh2MJU6rEw/6UOzq7as3OKLbLZGsiOHnfw5heDzmbDSbK2qirR3m,user
19,orlov19@mail.ru,Юрий,Игоревич,Орлов,$2b$12$Kbh2MJU6rEw/6UOzq7as3OKLbLZGsiOHnfw5heDzmbDSbK2qirR3m,user
20,savelev20@mail.ru,Никита,Романович,Савельев,$2b$12$Kbh2MJU6rEw/6UOzq7as3OKLbLZGsiOHnfw5heDzmbDSbK2qirR3m,user
21,bochkaryova21@mail.ru,Людмила,Семёновна,Бочкарёва,$2b$12$Kbh2MJU6rEw/6UOzq7as3OKLbLZGsiOHnfw5heDzmbDSbK2qirR3m,user
22,orlova22@mail.ru,Олеся,Александровна,Орлова,$2b$12$Kbh2MJU6rEw/6UOzq7as3OKLbLZGsiOHnfw5heDzmbDSbK2qirR3m,user
23,zhukov23@mail.ru,Борис,Михайлович,Жуков,$2b$12$Kbh2MJU6rEw/6UOzq7as3OKLbLZGsiOHnfw5heDzmbDSbK2qirR3m,user
24,danilov24@mail.ru,Никита,Филиппович,Данилов,$2b$12$Kbh2MJU6rEw/6UOzq7as3OKLbLZGsiOHnfw5heDzmbDSbK2qirR3m,user
25,plotnikov25@mail.ru,Руслан,Леонидович,Плотников,$2b$12$Kbh2MJU6rEw/6UOzq7as3OKLbLZGsiOHnfw5heDzmbDSbK2qirR3m,user
26,maksimov26@mail.ru,Даниил,Алексеевич,Максимов,$2b$12$Kbh2MJU6rEw/6UOzq7as3OKLbLZGsiOHnfw5heDzmbDSbK2qirR3m,user
27,fyodorova27@mail.ru,Полина,Андреевна,Фёдорова,$2b$12$Kbh2MJU6rEw/6UOzq7as3OKLbLZGsiOHnfw5heDzmbDSbK2qirR3m,user
28,belyaev28@mail.ru,Евгений,Родионович,Беляев,$2b$12$Kbh2MJU6rEw/6UOzq7as3OKLbLZGsiOHnfw5heDzmbDSbK2qirR3m,user
29,goncharova29@mail.ru,Елена,Никитична,Гончарова,$2b$12$Kbh2MJU6rEw/6UOzq7as3OKLbLZGsiOHnfw5heDzmbDSbK2qirR3m,user
30,egorov30@mail.ru,Юрий,Александрович,Егоров,$2b$12$Kbh2MJU6rEw/6UOzq7as3OKLbLZGsiOHnfw5heDzmbDSbK2qirR3m,user
31,zaytsev31@mail.ru,Олег,Михайлович,Зайцев,$2b$12$Kbh2MJU6rEw/6UOzq7as3OKLbLZGsiOHnfw5heDzmbDSbK2qirR3m,user
32,bogdanova32@mail.ru,Вера,Игоревна,Богданова,$2b$12$Kbh2MJU6rEw/6UOzq7as3OKLbLZGsiOHnfw5heDzmbDSbK2qirR3m,user
33,stepanov33@mail.ru,Ярослав,Васильевич,Степанов,$2b$12$Kbh2MJU6rEw/6UOzq7as3OKLbLZGsiOHnfw5heDzmbDSbK2qirR3m,user
34,mironova34@mail.ru,Таисия,Михайловна,Миронова,$2b$12$Kbh2MJU6rEw/6UOzq7as3OKLbLZGsiOHnfw5heDzmbDSbK2qirR3m,user
35,krylova35@mail.ru,Ольга,Алексеевна,Крылова,$2b$12$Kbh2MJU6rEw/6UOzq7as3OKLbLZGsiOHnfw5heDzmbDSbK2qirR3m,user
36,sergeeva36@mail.ru,Елена,Алексеевна,Сергеева,$2b$12$Kbh2MJU6rEw/6UOzq7as3OKLbLZGsiOHnfw5heDzmbDSbK2qirR3m,user
37,afanaseva37@mail.ru,Раиса,Станиславовна,Афанасьева,$2b$12$Kbh2MJU6rEw/6UOzq7as3OKLbLZGsiOHnfw5heDzmbDSbK2qirR3m,user
38,ershov38@mail.ru,Игорь,Анатольевич,Ершов,$2b$12$Kbh2MJU6rEw/6UOzq7as3OKLbLZGsiOHnfw5heDzmbDSbK2qirR3m,user
39,gusev39@mail.ru,Дмитрий,Михайлович,Гусев,$2b$12$Kbh2MJU6rEw/6UOzq7as3OKLbLZGsiOHnfw5heDzmbDSbK2qirR3m,user
40,kozlova40@mail.ru,Екатерина,Сергеевна,Козлова,$2b$12$Kbh2MJU6rEw/6UOzq7as3OKLbLZGsiOHnfw5heDzmbDSbK2qirR3m,user
41,stepanov41@mail.ru,Николай,Леонидович,Степанов,$2b$12$Kbh2MJU6rEw/6UOzq7as3OKLbLZGsiOHnfw5heDzmbDSbK2qirR3m,user
42,andreeva42@mail.ru,Зоя,Владимировна,Андреева,$2b$12$Kbh2MJU6rEw/6UOzq7as3OKLbLZGsiOHnfw5heDzmbDSbK2qirR3m,user
43,smirnova43@mail.ru,Инга,Леонидовна,Смирнова,$2b$12$Kbh2MJU6rEw/6UOzq7as3OKLbLZGsiOHnfw5heDzmbDSbK2qirR3m,user
44,zimin44@mail.ru,Всеволод,Борисович,Зимин,$2b$12$Kbh2MJU6rEw/6UOzq7as3OKLbLZGsiOHnfw5heDzmbDSbK2qirR3m,user
45,filippov45@mail.ru,Георгий,Игоревич,Филиппов,$2b$12$Kbh2MJU6rEw/6UOzq7as3OKLbLZGsiOHnfw5heDzmbDSbK2qirR3m,user
46,shubina46@mail.ru,Марина,Дмитриевна,Шубина,$2b$12$Kbh2MJU6rEw/6UOzq7as3OKLbLZGsiOHnfw5heDzmbDSbK2qirR3m,user
47,biryukova47@mail.ru,Лариса,Васильевна,Бирюкова,$2b$12$Kbh2MJU6rEw/6UOzq7as3OKLbLZGsiOHnfw5heDzmbDSbK2qirR3m,user
48,solovyova48@mail.ru,Анна,Васильевна,Соловьёва,$2b$12$Kbh2MJU6rEw/6UOzq7as3OKLbLZGsiOHnfw5heDzmbDSbK2qirR3m,user
49,grigorev49@mail.ru,Всеволод,Алексеевич,Григорьев,$2b$12$Kbh2MJU6rEw/6UOzq7as3OKLbLZGsiOHnfw5heDzmbDSbK2qirR3m,user
50,kondratev50@mail.ru,Степан,Игоревич,Кондратьев,$2b$12$Kbh2MJU6rEw/6UOzq7as3OKLbLZGsiOHnfw5heDzmbDSbK2qirR3m,user
51,filippova51@mail.ru,Ольга,Родионовна,Филиппова,$2b$12$Kbh2MJU6rEw/6UOzq7as3OKLbLZGsiOHnfw5heDzmbDSbK2qirR3m,user
52,romanov52@mail.ru,Арсений,Семёнович,Романов,$2b$12$Kbh2MJU6rEw/6UOzq7as3OKLbLZGsiOHnfw5heDzmbDSbK2qirR3m,user
53,lobanova53@mail.ru,Эльвира,Васильевна,Лобанова,$2b$12$Kbh2MJU6rEw/6UOzq7as3OKLbLZGsiOHnfw5heDzmbDSbK2qirR3m,user
54,solovyov54@mail.ru,Иван,Борисович,Соловьёв,$2b$12$Kbh2MJU6rEw/6UOzq7as3OKLbLZGsiOHnfw5heDzmbDSbK2qirR3m,user
55,yakovleva55@mail.ru,Инна,Никитична,Яковлева,$2b$12$Kbh2MJU6rEw/6UOzq7as3OKLbLZGsiOHnfw5heDzmbDSbK2qirR3m,user
56,nikolaeva56@mail.ru,Олеся,Васильевна,Николаева,$2b$12$Kbh2MJU6rEw/6UOzq7as3OKLbLZGsiOHnfw5heDzmbDSbK2qirR3m,user
57,pavlova57@mail.ru,Ольга,Филипповна,Павлова,$2b$12$Kbh2MJU6rEw/6UOzq7as3OKLbLZGsiOHnfw5heDzmbDSbK2qirR3m,user
58,belova58@mail.ru,Полина,Михайловна,Белова,$2b$12$Kbh2MJU6rEw/6UOzq7as3OKLbLZGsiOHnfw5heDzmbDSbK2qirR3m,user
59,krylova59@mail.ru,Нелли,Геннадьевна,Крылова,$2b$12$Kbh2MJU6rEw/6UOzq7as3OKLbLZGsiOHnfw5heDzmbDSbK2qirR3m,user
60,andreeva60@mail.ru,Алина,Ильинична,Андреева,$2b$12$Kbh2MJU6rEw/6UOzq7as3OKLbLZGsiOHnfw5heDzmbDSbK2qirR3m,user
61,pavlova61@mail.ru,Валерия,Анатольевна,Павлова,$2b$12$Kbh2MJU6rEw/6UOzq7as3OKLbLZGsiOHnfw5heDzmbDSbK2qirR3m,user
62,grigorev62@mail.ru,Илья,Никитич,Григорьев,$2b$12$Kbh2MJU6rEw/6UOzq7as3OKLbLZGsiOHnfw5heDzmbDSbK2qirR3m,user
63,fadeeva63@mail.ru,Валерия,Романовна,Фадеева,$2b$12$Kbh2MJU6rEw/6UOzq7as3OKLbLZGsiOHnfw5heDzmbDSbK2qirR3m,user
64,matveev64@mail.ru,Борис,Филиппович,Матвеев,$2b$12$Kbh2MJU6rEw/6UOzq7as3OKLbLZGsiOHnfw5heDzmbDSbK2qirR3m,user
65,davydova65@mail.ru,Таисия,Александровна,Давыдова,$2b$12$Kbh2MJU6rEw/6UOzq7as3OKLbLZGsiOHnfw5heDzmbDSbK2qirR3m,user
66,andreeva66@mail.ru,Агата,Леонидовна,Андреева,$2b$12$Kbh2MJU6rEw/6UOzq7as3OKLbLZGsiOHnfw5heDzmbDSbK2qirR3m,user
67,volkov67@mail.ru,Егор,Сергеевич,Волков,$2b$12$Kbh2MJU6rEw/6UOzq7as3OKLbLZGsiOHnfw5heDzmbDSbK2qirR3m,user
68,zimin68@mail.ru,Андрей,Родионович,Зимин,$2b$12$Kbh2MJU6rEw/6UOzq7as3OKLbLZGsiOHnfw5heDzmbDSbK2qirR3m,user
69,vorobyov69@mail.ru,Аркадий,Павлович,Воробьёв,$2b$12$Kbh2MJU6rEw/6UOzq7as3OKLbLZGsiOHnfw5heDzmbDSbK2qirR3m,user
70,mironova70@mail.ru,Елена,Борисовна,Миронова,$2b$12$Kbh2MJU6rEw/6UOzq7as3OKLbLZGsiOHnfw5heDzmbDSbK2qirR3m,user
71,kiselyova71@mail.ru,Раиса,Михайловна,Киселёва,$2b$12$Kbh2MJU6rEw/6UOzq7as3OKLbLZGsiOHnfw5heDzmbDSbK2qirR3m,user
72,popov72@mail.ru,Юрий,Геннадьевич,Попов,$2b$12$Kbh2MJU6rEw/6UOzq7as3OKLbLZGsiOHnfw5heDzmbDSbK2qirR3m,user
73,titova73@mail.ru,Анна,Юрьевна,Титова,$2b$12$Kbh2MJU6rEw/6UOzq7as3OKLbLZGsiOHnfw5heDzmbDSbK2qirR3m,user
74,maksimov74@mail.ru,Арсений,Никитич,Максимов,$2b$12$Kbh2MJU6rEw/6UOzq7as3OKLbLZGsiOHnfw5heDzmbDSbK2qirR3m,user
75,komarova75@mail.ru,Жанна,Григорьевна,Комарова,$2b$12$Kbh2MJU6rEw/6UOzq7as3OKLbLZGsiOHnfw5heDzmbDSbK2qirR3m,user
76,chernyshyova76@mail.ru,Ольга,Петровна,Чернышёва,$2b$12$Kbh2MJU6rEw/6UOzq7as3OKLbLZGsiOHnfw5heDzmbDSbK2qirR3m,user
77,romanova77@mail.ru,Лилия,Олеговна,Романова,$2b$12$Kbh2MJU6rEw/6UOzq7as3OKLbLZGsiOHnfw5heDzmbDSbK2qirR3m,user
78,titova78@mail.ru,Ксения,Дмитриевна,Титова,$2b$12$Kbh2MJU6rEw/6UOzq7as3OKLbLZGsiOHnfw5heDzmbDSbK2qirR3m,user
79,lavrova79@mail.ru,Инна,Станиславовна,Лаврова,$2b$12$Kbh2MJU6rEw/6UOzq7as3OKLbLZGsiOHnfw5heDzmbDSbK2qirR3m,user
80,kuznetsov80@mail.ru,Вячеслав,Александрович,Кузнецов,$2b$12$Kbh2MJU6rEw/6UOzq7as3OKLbLZGsiOHnfw5heDzmbDSbK2qirR3m,user
81,kiselyova81@mail.ru,Карина,Владимировна,Киселёва,$2b$12$Kbh2MJU6rEw/6UOzq7as3OKLbLZGsiOHnfw5heDzmbDSbK2qirR3m,user
82,kondratev82@mail.ru,Артём,Данилович,Кондратьев,$2b$12$Kbh2MJU6rEw/6UOzq7as3OKLbLZGsiOHnfw5heDzmbDSbK2qirR3m,user
83,novikov83@mail.ru,Юрий,Николаевич,Новиков,$2b$12$Kbh2MJU6rEw/6UOzq7as3OKLbLZGsiOHnfw5heDzmbDSbK2qirR3m,user
84,melnikova84@mail.ru,Раиса,Аркадьевна,Мельникова,$2b$12$Kbh2MJU6rEw/6UOzq7as3OKLbLZGsiOHnfw5heDzmbDSbK2qirR3m,user
85,smirnova85@mail.ru,Елизавета,Евгеньевна,Смирнова,$2b$12$Kbh2MJU6rEw/6UOzq7as3OKLbLZGsiOHnfw5heDzmbDSbK2qirR3m,user
86,terekhova86@mail.ru,Эльвира,Юрьевна,Терехова,$2b$12$Kbh2MJU6rEw/6UOzq7as3OKLbLZGsiOHnfw5heDzmbDSbK2qirR3m,user
87,zhukova87@mail.ru,Татьяна,Алексеевна,Жукова,$2b$12$Kbh2MJU6rEw/6UOzq7as3OKLbLZGsiOHnfw5heDzmbDSbK2qirR3m,user
88,markova88@mail.ru,Евдокия,Леонидовна,Маркова,$2b$12$Kbh2MJU6rEw/6UOzq7as3OKLbLZGsiOHnfw5heDzmbDSbK2qirR3m,user
89,andreev89@mail.ru,Константин,Аркадьевич,Андреев,$2b$12$Kbh2MJU6rEw/6UOzq7as3OKLbLZGsiOHnfw5heDzmbDSbK2qirR3m,user
90,polyakova90@mail.ru,Дарья,Андреевна,Полякова,$2b$12$Kbh2MJU6rEw/6UOzq7as3OKLbLZGsiOHnfw5heDzmbDSbK2qirR3m,user
91,serova91@mail.ru,Вера,Михайловна,Серова,$2b$12$Kbh2MJU6rEw/6UOzq7as3OKLbLZGsiOHnfw5heDzmbDSbK2qirR3m,user
92,maksimov92@mail.ru,Сергей,Родионович,Максимов,$2b$12$Kbh2MJU6rEw/6UOzq7as3OKLbLZGsiOHnfw5heDzmbDSbK2qirR3m,user
93,kondratev93@mail.ru,Николай,Игоревич,Кондратьев,$2b$12$Kbh2MJU6rEw/6UOzq7as3OKLbLZGsiOHnfw5heDzmbDSbK2qirR3m,user
94,lavrov94@mail.ru,Аркадий,Юрьевич,Лавров,$2b$12$Kbh2MJU6rEw/6UOzq7as3OKLbLZGsiOHnfw5heDzmbDSbK2qirR3m,user
95,biryukova95@mail.ru,Анна,Романовна,Бирюкова,$2b$12$Kbh2MJU6rEw/6UOzq7as3OKLbLZGsiOHnfw5heDzmbDSbK2qirR3m,user
96,morozova96@mail.ru,Полина,Максимовна,Морозова,$2b$12$Kbh2MJU6rEw/6UOzq7as3OKLbLZGsiOHnfw5heDzmbDSbK2qirR3m,user
97,ermakova97@mail.ru,Юлия,Дмитриевна,Ермакова,$2b$12$Kbh2MJU6rEw/6UOzq7as3OKLbLZGsiOHnfw5heDzmbDSbK2qirR3m,user
98,kondratev98@mail.ru,Илья,Алексеевич,Кондратьев,$2b$12$Kbh2MJU6rEw/6UOzq7as3OKLbLZGsiOHnfw5heDzmbDSbK2qirR3m,user
99,kondratev99@mail.ru,Глеб,Данилович,Кондратьев,$2b$12$Kbh2MJU6rEw/6UOzq7as3OKLbLZGsiOHnfw5heDzmbDSbK2qirR3m,user
100,morozova100@mail.ru,Алла,Леонидовна,Морозова,$2b$12$Kbh2MJU6rEw/6UOzq7as3OKLbLZGsiOHnfw5heDzmbDSbK2qirR3m,user
101,loginova101@mail.ru,Любовь,Семёновна,Логинова,$2b$12$Kbh2MJU6rEw/6UOzq7as3OKLbLZGsiOHnfw5heDzmbDSbK2qirR3m,user
102,zhukova102@mail.ru,Агата,Никитична,Жукова,$2b$12$Kbh2MJU6rEw/6UOzq7as3OKLbLZGsiOHnfw5heDzmbDSbK2qirR3m,user
103,kozlova103@mail.ru,Жанна,Леонидовна,Козлова,$2b$12$Kbh2MJU6rEw/6UOzq7as3OKLbLZGsiOHnfw5heDzmbDSbK2qirR3m,user
104,korolyova104@mail.ru,Надежда,Семёновна,Королёва,$2b$12$Kbh2MJU6rEw/6UOzq7as3OKLbLZGsiOHnfw5heDzmbDSbK2qirR3m,user
105,zimin105@mail.ru,Вячеслав,Родионович,Зимин,$2b$12$Kbh2MJU6rEw/6UOzq7as3OKLbLZGsiOHnfw5heDzmbDSbK2qirR3m,user
106,bogdanov106@mail.ru,Руслан,Борисович,Богданов,$2b$12$Kbh2MJU6rEw/6UOzq7as3OKLbLZGsiOHnfw5heDzmbDSbK2qirR3m,user
107,chernova107@mail.ru,Жанна,Анатольевна,Чернова,$2b$12$Kbh2MJU6rEw/6UOzq7as3OKLbLZGsiOHnfw5heDzmbDSbK2qirR3m,user
108,kondratev108@mail.ru,Дмитрий,Дмитриевич,Кондратьев,$2b$12$Kbh2MJU6rEw/6UOzq7as3OKLbLZGsiOHnfw5heDzmbDSbK2qirR3m,user
109,solovyova109@mail.ru,Елизавета,Павловна,Соловьёва,$2b$12$Kbh2MJU6rEw/6UOzq7as3OKLbLZGsiOHnfw5heDzmbDSbK2qirR3m,user
110,titova110@mail.ru,Нина,Ивановна,Титова,$2b$12$Kbh2MJU6rEw/6UOzq7as3OKLbLZGsiOHnfw5heDzmbDSbK2qirR3m,user
111,melnikova111@mail.ru,Тамара,Сергеевна,Мельникова,$2b$12$Kbh2MJU6rEw/6UOzq7as3OKLbLZGsiOHnfw5heDzmbDSbK2qirR3m,user
112,tarasenko112@mail.ru,Тамара,Викторовна,Тарасенко,$2b$12$Kbh2MJU6rEw/6UOzq7as3OKLbLZGsiOHnfw5heDzmbDSbK2qirR3m,user
113,zhukov113@mail.ru,Семён,Семёнович,Жуков,$2b$12$Kbh2MJU6rEw/6UOzq7as3OKLbLZGsiOHnfw5heDzmbDSbK2qirR3m,user
114,savelev114@mail.ru,Фёдор,Александрович,Савельев,$2b$12$Kbh2MJU6rEw/6UOzq7as3OKLbLZGsiOHnfw5heDzmbDSbK2qirR3m,user
115,kozlova115@mail.ru,Раиса,Андреевна,Козлова,$2b$12$Kbh2MJU6rEw/6UOzq7as3OKLbLZGsiOHnfw5heDzmbDSbK2qirR3m,user
116,stepanov116@mail.ru,Артём,Геннадьевич,Степанов,$2b$12$Kbh2MJU6rEw/6UOzq7as3OKLbLZGsiOHnfw5heDzmbDSbK2qirR3m,user
117,frolov117@mail.ru,Филипп,Васильевич,Фролов,$2b$12$Kbh2MJU6rEw/6UOzq7as3OKLbLZGsiOHnfw5heDzmbDSbK2qirR3m,user
118,guseva118@mail.ru,Инга,Борисовна,Гусева,$2b$12$Kbh2MJU6rEw/6UOzq7as3OKLbLZGsiOHnfw5heDzmbDSbK2qirR3m,user
119,shubina119@mail.ru,Екатерина,Родионовна,Шубина,$2b$12$Kbh2MJU6rEw/6UOzq7as3OKLbLZGsiOHnfw5heDzmbDSbK2qirR3m,user
120,krylova120@mail.ru,Зоя,Ильинична,Крылова,$2b$12$Kbh2MJU6rEw/6UOzq7as3OKLbLZGsiOHnfw5heDzmbDSbK2qirR3m,user
121,egorov121@mail.ru,Денис,Никитич,Егоров,$2b$12$Kbh2MJU6rEw/6UOzq7as3OKLbLZGsiOHnfw5heDzmbDSbK2qirR3m,user
122,sorokina122@mail.ru,Диана,Родионовна,Сорокина,$2b$12$Kbh2MJU6rEw/6UOzq7as3OKLbLZGsiOHnfw5heDzmbDSbK2qirR3m,user
123,tikhonova123@mail.ru,Лариса,Геннадьевна,Тихонова,$2b$12$Kbh2MJU6rEw/6UOzq7as3OKLbLZGsiOHnfw5heDzmbDSbK2qirR3m,user
124,volkova124@mail.ru,Евдокия,Романовна,Волкова,$2b$12$Kbh2MJU6rEw/6UOzq7as3OKLbLZGsiOHnfw5heDzmbDSbK2qirR3m,user
125,kozlova125@mail.ru,Нина,Вадимовна,Козлова,$2b$12$Kbh2MJU6rEw/6UOzq7as3OKLbLZGsiOHnfw5heDzmbDSbK2qirR3m,user
126,frolov126@mail.ru,Ярослав,Станиславович,Фролов,$2b$12$Kbh2MJU6rEw/6UOzq7as3OKLbLZGsiOHnfw5heDzmbDSbK2qirR3m,user
127,vorobyova127@mail.ru,Эльвира,Вадимовна,Воробьёва,$2b$12$Kbh2MJU6rEw/6UOzq7as3OKLbLZGsiOHnfw5heDzmbDSbK2qirR3m,user
128,morozova128@mail.ru,Вероника,Борисовна,Морозова,$2b$12$Kbh2MJU6rEw/6UOzq7as3OKLbLZGsiOHnfw5heDzmbDSbK2qirR3m,user
129,ryabova129@mail.ru,Вера,Александровна,Рябова,$2b$12$Kbh2MJU6rEw/6UOzq7as3OKLbLZGsiOHnfw5heDzmbDSbK2qirR3m,user
130,danilova130@mail.ru,Тамара,Павловна,Данилова,$2b$12$Kbh2MJU6rEw/6UOzq7as3OKLbLZGsiOHnfw5heDzmbDSbK2qirR3m,user
131,morozov131@mail.ru,Аркадий,Леонидович,Морозов,$2b$12$Kbh2MJU6rEw/6UOzq7as3OKLbLZGsiOHnfw5heDzmbDSbK2qirR3m,user
132,filippova132@mail.ru,Вероника,Михайловна,Филиппова,$2b$12$Kbh2MJU6rEw/6UOzq7as3OKLbLZGsiOHnfw5heDzmbDSbK2qirR3m,user
133,orlova133@mail.ru,Инна,Леонидовна,Орлова,$2b$12$Kbh2MJU6rEw/6UOzq7as3OKLbLZGsiOHnfw5heDzmbDSbK2qirR3m,user
134,semyonova134@mail.ru,Юлия,Егоровна,Семёнова,$2b$12$Kbh2MJU6rEw/6UOzq7as3OKLbLZGsiOHnfw5heDzmbDSbK2qirR3m,user
135,maslova135@mail.ru,Надежда,Петровна,Маслова,$2b$12$Kbh2MJU6rEw/6UOzq7as3OKLbLZGsiOHnfw5heDzmbDSbK2qirR3m,user
136,andreev136@mail.ru,Семён,Петрович,Андреев,$2b$12$Kbh2MJU6rEw/6UOzq7as3OKLbLZGsiOHnfw5heDzmbDSbK2qirR3m,user
137,mironov137@mail.ru,Павел,Юрьевич,Миронов,$2b$12$Kbh2MJU6rEw/6UOzq7as3OKLbLZGsiOHnfw5heDzmbDSbK2qirR3m,user
138,belyaev138@mail.ru,Егор,Ильинич,Беляев,$2b$12$Kbh2MJU6rEw/6UOzq7as3OKLbLZGsiOHnfw5heDzmbDSbK2qirR3m,user
139,zimin139@mail.ru,Кирилл,Игоревич,Зимин,$2b$12$Kbh2MJU6rEw/6UOzq7as3OKLbLZGsiOHnfw5heDzmbDSbK2qirR3m,user
140,ermakova140@mail.ru,Надежда,Егоровна,Ермакова,$2b$12$Kbh2MJU6rEw/6UOzq7as3OKLbLZGsiOHnfw5heDzmbDSbK2qirR3m,user
141,pavlov141@mail.ru,Вадим,Платонович,Павлов,$2b$12$Kbh2MJU6rEw/6UOzq7as3OKLbLZGsiOHnfw5heDzmbDSbK2qirR3m,user
142,filippov142@mail.ru,Юрий,Петрович,Филиппов,$2b$12$Kbh2MJU6rEw/6UOzq7as3OKLbLZGsiOHnfw5heDzmbDSbK2qirR3m,user
143,ershov143@mail.ru,Григорий,Евгеньевич,Ершов,$2b$12$Kbh2MJU6rEw/6UOzq7as3OKLbLZGsiOHnfw5heDzmbDSbK2qirR3m,user
144,shubin144@mail.ru,Владимир,Тарасович,Шубин,$2b$12$Kbh2MJU6rEw/6UOzq7as3OKLbLZGsiOHnfw5heDzmbDSbK2qirR3m,user
145,mironova145@mail.ru,Лариса,Тарасовна,Миронова,$2b$12$Kbh2MJU6rEw/6UOzq7as3OKLbLZGsiOHnfw5heDzmbDSbK2qirR3m,user
146,maksimova146@mail.ru,Агата,Михайловна,Максимова,$2b$12$Kbh2MJU6rEw/6UOzq7as3OKLbLZGsiOHnfw5heDzmbDSbK2qirR3m,user
147,demidova147@mail.ru,Светлана,Романовна,Демидова,$2b$12$Kbh2MJU6rEw/6UOzq7as3OKLbLZGsiOHnfw5heDzmbDSbK2qirR3m,user
148,nikolaeva148@mail.ru,Виктория,Ильинична,Николаева,$2b$12$Kbh2MJU6rEw/6UOzq7as3OKLbLZGsiOHnfw5heDzmbDSbK2qirR3m,user
149,lebedev149@mail.ru,Фёдор,Васильевич,Лебедев,$2b$12$Kbh2MJU6rEw/6UOzq7as3OKLbLZGsiOHnfw5heDzmbDSbK2qirR3m,user
150,pavlov150@mail.ru,Дмитрий,Семёнович,Павлов,$2b$12$Kbh2MJU6rEw/6UOzq7as3OKLbLZGsiOHnfw5heDzmbDSbK2qirR3m,user
151,morozova151@mail.ru,Вероника,Николаевна,Морозова,$2b$12$Kbh2MJU6rEw/6UOzq7as3OKLbLZGsiOHnfw5heDzmbDSbK2qirR3m,user
152,chernyshyova152@mail.ru,Алёна,Егоровна,Чернышёва,$2b$12$Kbh2MJU6rEw/6UOzq7as3OKLbLZGsiOHnfw5heDzmbDSbK2qirR3m,user
153,orlov153@mail.ru,Леонид,Алексеевич,Орлов,$2b$12$Kbh2MJU6rEw/6UOzq7as3OKLbLZGsiOHnfw5heDzmbDSbK2qirR3m,user
154,lavrov154@mail.ru,Арсений,Викторович,Лавров,$2b$12$Kbh2MJU6rEw/6UOzq7as3OKLbLZGsiOHnfw5heDzmbDSbK2qirR3m,user
155,chernov155@mail.ru,Артемий,Евгеньевич,Чернов,$2b$12$Kbh2MJU6rEw/6UOzq7as3OKLbLZGsiOHnfw5heDzmbDSbK2qirR3m,user
156,zhukov156@mail.ru,Вячеслав,Владимирович,Жуков,$2b$12$Kbh2MJU6rEw/6UOzq7as3OKLbLZGsiOHnfw5heDzmbDSbK2qirR3m,user
157,baranova157@mail.ru,Марина,Леонидовна,Баранова,$2b$12$Kbh2MJU6rEw/6UOzq7as3OKLbLZGsiOHnfw5heDzmbDSbK2qirR3m,user
158,goncharova158@mail.ru,Мария,Петровна,Гончарова,$2b$12$Kbh2MJU6rEw/6UOzq7as3OKLbLZGsiOHnfw5heDzmbDSbK2qirR3m,user
159,gusev159@mail.ru,Илья,Юрьевич,Гусев,$2b$12$Kbh2MJU6rEw/6UOzq7as3OKLbLZGsiOHnfw5heDzmbDSbK2qirR3m,user
160,vinogradova160@mail.ru,Нелли,Ивановна,Виноградова,$2b$12$Kbh2MJU6rEw/6UOzq7as3OKLbLZGsiOHnfw5heDzmbDSbK2qirR3m,user
161,zaytsev161@mail.ru,Тарас,Алексеевич,Зайцев,$2b$12$Kbh2MJU6rEw/6UOzq7as3OKLbLZGsiOHnfw5heDzmbDSbK2qirR3m,user
162,fyodorov162@mail.ru,Руслан,Андреевич,Фёдоров,$2b$12$Kbh2MJU6rEw/6UOzq7as3OKLbLZGsiOHnfw5heDzmbDSbK2qirR3m,user
163,semyonov163@mail.ru,Андрей,Филиппович,Семёнов,$2b$12$Kbh2MJU6rEw/6UOzq7as3OKLbLZGsiOHnfw5heDzmbDSbK2qirR3m,user
164,sidorov164@mail.ru,Геннадий,Константинович,Сидоров,$2b$12$Kbh2MJU6rEw/6UOzq7as3OKLbLZGsiOHnfw5heDzmbDSbK2qirR3m,user
165,vorobyova165@mail.ru,Виктория,Ильинична,Воробьёва,$2b$12$Kbh2MJU6rEw/6UOzq7as3OKLbLZGsiOHnfw5heDzmbDSbK2qirR3m,user
166,filippov166@mail.ru,Юрий,Алексеевич,Филиппов,$2b$12$Kbh2MJU6rEw/6UOzq7as3OKLbLZGsiOHnfw5heDzmbDSbK2qirR3m,user
167,andreeva167@mail.ru,Валерия,Григорьевна,Андреева,$2b$12$Kbh2MJU6rEw/6UOzq7as3OKLbLZGsiOHnfw5heDzmbDSbK2qirR3m,user
168,korolyova168@mail.ru,Галина,Сергеевна,Королёва,$2b$12$Kbh2MJU6rEw/6UOzq7as3OKLbLZGsiOHnfw5heDzmbDSbK2qirR3m,user
169,filatova169@mail.ru,Полина,Даниловна,Филатова,$2b$12$Kbh2MJU6rEw/6UOzq7as3OKLbLZGsiOHnfw5heDzmbDSbK2qirR3m,user
170,goncharova170@mail.ru,Инга,Васильевна,Гончарова,$2b$12$Kbh2MJU6rEw/6UOzq7as3OKLbLZGsiOHnfw5heDzmbDSbK2qirR3m,user
171,melnikova171@mail.ru,Инна,Тарасовна,Мельникова,$2b$12$Kbh2MJU6rEw/6UOzq7as3OKLbLZGsiOHnfw5heDzmbDSbK2qirR3m,user
172,grigoreva172@mail.ru,Светлана,Алексеевна,Григорьева,$2b$12$Kbh2MJU6rEw/6UOzq7as3OKLbLZGsiOHnfw5heDzmbDSbK2qirR3m,user
173,saveleva173@mail.ru,Тамара,Игоревна,Савельева,$2b$12$Kbh2MJU6rEw/6UOzq7as3OKLbLZGsiOHnfw5heDzmbDSbK2qirR3m,user
174,sorokina174@mail.ru,Инна,Семёновна,Сорокина,$2b$12$Kbh2MJU6rEw/6UOzq7as3OKLbLZGsiOHnfw5heDzmbDSbK2qirR3m,user
175,terekhova175@mail.ru,Оксана,Алексеевна,Терехова,$2b$12$Kbh2MJU6rEw/6UOzq7as3OKLbLZGsiOHnfw5heDzmbDSbK2qirR3m,user
176,semyonova176@mail.ru,Ксения,Леонидовна,Семёнова,$2b$12$Kbh2MJU6rEw/6UOzq7as3OKLbLZGsiOHnfw5heDzmbDSbK2qirR3m,user
177,gusev177@mail.ru,Арсений,Данилович,Гусев,$2b$12$Kbh2MJU6rEw/6UOzq7as3OKLbLZGsiOHnfw5heDzmbDSbK2qirR3m,user
178,goncharova178@mail.ru,Юлия,Петровна,Гончарова,$2b$12$Kbh2MJU6rEw/6UOzq7as3OKLbLZGsiOHnfw5heDzmbDSbK2qirR3m,user
179,belyaeva179@mail.ru,Надежда,Родионовна,Беляева,$2b$12$Kbh2MJU6rEw/6UOzq7as3OKLbLZGsiOHnfw5heDzmbDSbK2qirR3m,user
180,andreev180@mail.ru,Степан,Станиславович,Андреев,$2b$12$Kbh2MJU6rEw/6UOzq7as3OKLbLZGsiOHnfw5heDzmbDSbK2qirR3m,user
181,korolyova181@mail.ru,Дарья,Никитична,Королёва,$2b$12$Kbh2MJU6rEw/6UOzq7as3OKLbLZGsiOHnfw5heDzmbDSbK2qirR3m,user
182,trofimova182@mail.ru,Анна,Викторовна,Трофимова,$2b$12$Kbh2MJU6rEw/6UOzq7as3OKLbLZGsiOHnfw5heDzmbDSbK2qirR3m,user
183,grigorev183@mail.ru,Станислав,Иванович,Григорьев,$2b$12$Kbh2MJU6rEw/6UOzq7as3OKLbLZGsiOHnfw5heDzmbDSbK2qirR3m,user
184,lobanov184@mail.ru,Тарас,Борисович,Лобанов,$2b$12$Kbh2MJU6rEw/6UOzq7as3OKLbLZGsiOHnfw5heDzmbDSbK2qirR3m,user
185,panina185@mail.ru,Карина,Романовна,Панина,$2b$12$Kbh2MJU6rEw/6UOzq7as3OKLbLZGsiOHnfw5heDzmbDSbK2qirR3m,user
186,titova186@mail.ru,Любовь,Борисовна,Титова,$2b$12$Kbh2MJU6rEw/6UOzq7as3OKLbLZGsiOHnfw5heDzmbDSbK2qirR3m,user
187,aksenova187@mail.ru,Тамара,Романовна,Аксенова,$2b$12$Kbh2MJU6rEw/6UOzq7as3OKLbLZGsiOHnfw5heDzmbDSbK2qirR3m,user
188,matveev188@mail.ru,Никита,Ильинич,Матвеев,$2b$12$Kbh2MJU6rEw/6UOzq7as3OKLbLZGsiOHnfw5heDzmbDSbK2qirR3m,user
189,zaytseva189@mail.ru,Милана,Александровна,Зайцева,$2b$12$Kbh2MJU6rEw/6UOzq7as3OKLbLZGsiOHnfw5heDzmbDSbK2qirR3m,user
190,safonova190@mail.ru,Раиса,Андреевна,Сафонова,$2b$12$Kbh2MJU6rEw/6UOzq7as3OKLbLZGsiOHnfw5heDzmbDSbK2qirR3m,user
191,novikov191@mail.ru,Игорь,Максимович,Новиков,$2b$12$Kbh2MJU6rEw/6UOzq7as3OKLbLZGsiOHnfw5heDzmbDSbK2qirR3m,user
192,kondrateva192@mail.ru,Оксана,Викторовна,Кондратьева,$2b$12$Kbh2MJU6rEw/6UOzq7as3OKLbLZGsiOHnfw5heDzmbDSbK2qirR3m,user
193,bashkirova193@mail.ru,Мария,Петровна,Башкирова,$2b$12$Kbh2MJU6rEw/6UOzq7as3OKLbLZGsiOHnfw5heDzmbDSbK2qirR3m,user
194,vasileva194@mail.ru,Софья,Константиновна,Васильева,$2b$12$Kbh2MJU6rEw/6UOzq7as3OKLbLZGsiOHnfw5heDzmbDSbK2qirR3m,user
195,nikitina195@mail.ru,Анна,Дмитриевна,Никитина,$2b$12$Kbh2MJU6rEw/6UOzq7as3OKLbLZGsiOHnfw5heDzmbDSbK2qirR3m,user
196,kondratev196@mail.ru,Иван,Никитич,Кондратьев,$2b$12$Kbh2MJU6rEw/6UOzq7as3OKLbLZGsiOHnfw5heDzmbDSbK2qirR3m,user
197,titov197@mail.ru,Вячеслав,Филиппович,Титов,$2b$12$Kbh2MJU6rEw/6UOzq7as3OKLbLZGsiOHnfw5heDzmbDSbK2qirR3m,user
198,semyonov198@mail.ru,Глеб,Анатольевич,Семёнов,$2b$12$Kbh2MJU6rEw/6UOzq7as3OKLbLZGsiOHnfw5heDzmbDSbK2qirR3m,user
199,voronin199@mail.ru,Тарас,Романович,Воронин,$2b$12$Kbh2MJU6rEw/6UOzq7as3OKLbLZGsiOHnfw5heDzmbDSbK2qirR3m,user
200,chernov200@mail.ru,Всеволод,Иванович,Чернов,$2b$12$Kbh2MJU6rEw/6UOzq7as3OKLbLZGsiOHnfw5heDzmbDSbK2qirR3m,user
201,pavlova201@mail.ru,Виктория,Сергеевна,Павлова,$2b$12$Kbh2MJU6rEw/6UOzq7as3OKLbLZGsiOHnfw5heDzmbDSbK2qirR3m,user
202,markova202@mail.ru,Ирина,Леонидовна,Маркова,$2b$12$Kbh2MJU6rEw/6UOzq7as3OKLbLZGsiOHnfw5heDzmbDSbK2qirR3m,user
203,tarasov203@mail.ru,Юрий,Викторович,Тарасов,$2b$12$Kbh2MJU6rEw/6UOzq7as3OKLbLZGsiOHnfw5heDzmbDSbK2qirR3m,user
204,chernyshyov204@mail.ru,Роман,Евгеньевич,Чернышёв,$2b$12$Kbh2MJU6rEw/6UOzq7as3OKLbLZGsiOHnfw5heDzmbDSbK2qirR3m,user
205,nikitina205@mail.ru,Елизавета,Романовна,Никитина,$2b$12$Kbh2MJU6rEw/6UOzq7as3OKLbLZGsiOHnfw5heDzmbDSbK2qirR3m,user
206,polyakova206@mail.ru,Екатерина,Романовна,Полякова,$2b$12$Kbh2MJU6rEw/6UOzq7as3OKLbLZGsiOHnfw5heDzmbDSbK2qirR3m,user
207,stepanov207@mail.ru,Артемий,Александрович,Степанов,$2b$12$Kbh2MJU6rEw/6UOzq7as3OKLbLZGsiOHnfw5heDzmbDSbK2qirR3m,user
208,komarova208@mail.ru,Алла,Павловна,Комарова,$2b$12$Kbh2MJU6rEw/6UOzq7as3OKLbLZGsiOHnfw5heDzmbDSbK2qirR3m,user
209,belov209@mail.ru,Анатолий,Семёнович,Белов,$2b$12$Kbh2MJU6rEw/6UOzq7as3OKLbLZGsiOHnfw5heDzmbDSbK2qirR3m,user
210,kulagina210@mail.ru,Нелли,Геннадьевна,Кулагина,$2b$12$Kbh2MJU6rEw/6UOzq7as3OKLbLZGsiOHnfw5heDzmbDSbK2qirR3m,user
211,goncharova211@mail.ru,Олеся,Евгеньевна,Гончарова,$2b$12$Kbh2MJU6rEw/6UOzq7as3OKLbLZGsiOHnfw5heDzmbDSbK2qirR3m,user
212,fadeeva212@mail.ru,Алина,Константиновна,Фадеева,$2b$12$Kbh2MJU6rEw/6UOzq7as3OKLbLZGsiOHnfw5heDzmbDSbK2qirR3m,user
213,smirnova213@mail.ru,Марина,Семёновна,Смирнова,$2b$12$Kbh2MJU6rEw/6UOzq7as3OKLbLZGsiOHnfw5heDzmbDSbK2qirR3m,user
214,semyonov214@mail.ru,Артём,Дмитриевич,Семёнов,$2b$12$Kbh2MJU6rEw/6UOzq7as3OKLbLZGsiOHnfw5heDzmbDSbK2qirR3m,user
215,plotnikova215@mail.ru,Юлия,Максимовна,Плотникова,$2b$12$Kbh2MJU6rEw/6UOzq7as3OKLbLZGsiOHnfw5heDzmbDSbK2qirR3m,user
216,plotnikova216@mail.ru,Алла,Семёновна,Плотникова,$2b$12$Kbh2MJU6rEw/6UOzq7as3OKLbLZGsiOHnfw5heDzmbDSbK2qirR3m,user
217,baranov217@mail.ru,Ярослав,Анатольевич,Баранов,$2b$12$Kbh2MJU6rEw/6UOzq7as3OKLbLZGsiOHnfw5heDzmbDSbK2qirR3m,user
218,tarasenko218@mail.ru,Алёна,Максимовна,Тарасенко,$2b$12$Kbh2MJU6rEw/6UOzq7as3OKLbLZGsiOHnfw5heDzmbDSbK2qirR3m,user
219,belkina219@mail.ru,Ксения,Яковлевна,Белкина,$2b$12$Kbh2MJU6rEw/6UOzq7as3OKLbLZGsiOHnfw5heDzmbDSbK2qirR3m,user
220,kondratev220@mail.ru,Кирилл,Олегович,Кондратьев,$2b$12$Kbh2MJU6rEw/6UOzq7as3OKLbLZGsiOHnfw5heDzmbDSbK2qirR3m,user
221,orlov221@mail.ru,Константин,Викторович,Орлов,$2b$12$Kbh2MJU6rEw/6UOzq7as3OKLbLZGsiOHnfw5heDzmbDSbK2qirR3m,user
222,chernyshyova222@mail.ru,Карина,Фёдоровна,Чернышёва,$2b$12$Kbh2MJU6rEw/6UOzq7as3OKLbLZGsiOHnfw5heDzmbDSbK2qirR3m,user
223,popov223@mail.ru,Даниил,Васильевич,Попов,$2b$12$Kbh2MJU6rEw/6UOzq7as3OKLbLZGsiOHnfw5heDzmbDSbK2qirR3m,user
224,fyodorova224@mail.ru,Валерия,Николаевна,Фёдорова,$2b$12$Kbh2MJU6rEw/6UOzq7as3OKLbLZGsiOHnfw5heDzmbDSbK2qirR3m,user
225,solovyova225@mail.ru,Диана,Александровна,Соловьёва,$2b$12$Kbh2MJU6rEw/6UOzq7as3OKLbLZGsiOHnfw5heDzmbDSbK2qirR3m,user
226,gusev226@mail.ru,Андрей,Игоревич,Гусев,$2b$12$Kbh2MJU6rEw/6UOzq7as3OKLbLZGsiOHnfw5heDzmbDSbK2qirR3m,user
227,maksimova227@mail.ru,Раиса,Петровна,Максимова,$2b$12$Kbh2MJU6rEw/6UOzq7as3OKLbLZGsiOHnfw5heDzmbDSbK2qirR3m,user
228,romanova228@mail.ru,Людмила,Андреевна,Романова,$2b$12$Kbh2MJU6rEw/6UOzq7as3OKLbLZGsiOHnfw5heDzmbDSbK2qirR3m,user
229,smirnova229@mail.ru,Зоя,Анатольевна,Смирнова,$2b$12$Kbh2MJU6rEw/6UOzq7as3OKLbLZGsiOHnfw5heDzmbDSbK2qirR3m,user
230,polyakova230@mail.ru,Карина,Петровна,Полякова,$2b$12$Kbh2MJU6rEw/6UOzq7as3OKLbLZGsiOHnfw5heDzmbDSbK2qirR3m,user
231,semyonov231@mail.ru,Иван,Андреевич,Семёнов,$2b$12$Kbh2MJU6rEw/6UOzq7as3OKLbLZGsiOHnfw5heDzmbDSbK2qirR3m,user
232,stepanov232@mail.ru,Кирилл,Григорьевич,Степанов,$2b$12$Kbh2MJU6rEw/6UOzq7as3OKLbLZGsiOHnfw5heDzmbDSbK2qirR3m,user
233,terekhova233@mail.ru,Ольга,Ильинична,Терехова,$2b$12$Kbh2MJU6rEw/6UOzq7as3OKLbLZGsiOHnfw5heDzmbDSbK2qirR3m,user
234,sorokin234@mail.ru,Ярослав,Иванович,Сорокин,$2b$12$Kbh2MJU6rEw/6UOzq7as3OKLbLZGsiOHnfw5heDzmbDSbK2qirR3m,user
235,savelev235@mail.ru,Родион,Сергеевич,Савельев,$2b$12$Kbh2MJU6rEw/6UOzq7as3OKLbLZGsiOHnfw5heDzmbDSbK2qirR3m,user
236,zimin236@mail.ru,Пётр,Михайлович,Зимин,$2b$12$Kbh2MJU6rEw/6UOzq7as3OKLbLZGsiOHnfw5heDzmbDSbK2qirR3m,user
237,afanaseva237@mail.ru,Раиса,Владимировна,Афанасьева,$2b$12$Kbh2MJU6rEw/6UOzq7as3OKLbLZGsiOHnfw5heDzmbDSbK2qirR3m,user
238,sorokin238@mail.ru,Георгий,Петрович,Сорокин,$2b$12$Kbh2MJU6rEw/6UOzq7as3OKLbLZGsiOHnfw5heDzmbDSbK2qirR3m,user
239,kozlova239@mail.ru,Нина,Андреевна,Козлова,$2b$12$Kbh2MJU6rEw/6UOzq7as3OKLbLZGsiOHnfw5heDzmbDSbK2qirR3m,user
240,maksimova240@mail.ru,Людмила,Геннадьевна,Максимова,$2b$12$Kbh2MJU6rEw/6UOzq7as3OKLbLZGsiOHnfw5heDzmbDSbK2qirR3m,user
241,gusev241@mail.ru,Всеволод,Платонович,Гусев,$2b$12$Kbh2MJU6rEw/6UOzq7as3OKLbLZGsiOHnfw5heDzmbDSbK2qirR3m,user
242,bashkirov242@mail.ru,Никита,Павлович,Башкиров,$2b$12$Kbh2MJU6rEw/6UOzq7as3OKLbLZGsiOHnfw5heDzmbDSbK2qirR3m,user
243,yakovlev243@mail.ru,Константин,Павлович,Яковлев,$2b$12$Kbh2MJU6rEw/6UOzq7as3OKLbLZGsiOHnfw5heDzmbDSbK2qirR3m,user
244,kondratev244@mail.ru,Виктор,Анатольевич,Кондратьев,$2b$12$Kbh2MJU6rEw/6UOzq7as3OKLbLZGsiOHnfw5heDzmbDSbK2qirR3m,user
245,loginova245@mail.ru,Галина,Васильевна,Логинова,$2b$12$Kbh2MJU6rEw/6UOzq7as3OKLbLZGsiOHnfw5heDzmbDSbK2qirR3m,user
246,titova246@mail.ru,Татьяна,Николаевна,Титова,$2b$12$Kbh2MJU6rEw/6UOzq7as3OKLbLZGsiOHnfw5heDzmbDSbK2qirR3m,user
247,nikitin247@mail.ru,Егор,Никитич,Никитин,$2b$12$Kbh2MJU6rEw/6UOzq7as3OKLbLZGsiOHnfw5heDzmbDSbK2qirR3m,user
248,orlov248@mail.ru,Дмитрий,Геннадьевич,Орлов,$2b$12$Kbh2MJU6rEw/6UOzq7as3OKLbLZGsiOHnfw5heDzmbDSbK2qirR3m,user
249,orlova249@mail.ru,Ольга,Андреевна,Орлова,$2b$12$Kbh2MJU6rEw/6UOzq7as3OKLbLZGsiOHnfw5heDzmbDSbK2qirR3m,user
250,stepanov250@mail.ru,Алексей,Максимович,Степанов,$2b$12$Kbh2MJU6rEw/6UOzq7as3OKLbLZGsiOHnfw5heDzmbDSbK2qirR3m,user
251,guseva251@mail.ru,Таисия,Владимировна,Гусева,$2b$12$Kbh2MJU6rEw/6UOzq7as3OKLbLZGsiOHnfw5heDzmbDSbK2qirR3m,user
252,voronina252@mail.ru,Вера,Николаевна,Воронина,$2b$12$Kbh2MJU6rEw/6UOzq7as3OKLbLZGsiOHnfw5heDzmbDSbK2qirR3m,user
253,kondrateva253@mail.ru,Елизавета,Игоревна,Кондратьева,$2b$12$Kbh2MJU6rEw/6UOzq7as3OKLbLZGsiOHnfw5heDzmbDSbK2qirR3m,user
254,rodionov254@mail.ru,Николай,Вадимович,Родионов,$2b$12$Kbh2MJU6rEw/6UOzq7as3OKLbLZGsiOHnfw5heDzmbDSbK2qirR3m,user
255,morozova255@mail.ru,Нина,Ильинична,Морозова,$2b$12$Kbh2MJU6rEw/6UOzq7as3OKLbLZGsiOHnfw5heDzmbDSbK2qirR3m,user
256,davydova256@mail.ru,Любовь,Платоновна,Давыдова,$2b$12$Kbh2MJU6rEw/6UOzq7as3OKLbLZGsiOHnfw5heDzmbDSbK2qirR3m,user
257,titova257@mail.ru,Эльвира,Анатольевна,Титова,$2b$12$Kbh2MJU6rEw/6UOzq7as3OKLbLZGsiOHnfw5heDzmbDSbK2qirR3m,user
258,guseva258@mail.ru,Раиса,Владимировна,Гусева,$2b$12$Kbh2MJU6rEw/6UOzq7as3OKLbLZGsiOHnfw5heDzmbDSbK2qirR3m,user
259,lavrova259@mail.ru,Вероника,Анатольевна,Лаврова,$2b$12$Kbh2MJU6rEw/6UOzq7as3OKLbLZGsiOHnfw5heDzmbDSbK2qirR3m,user
260,egorov260@mail.ru,Сергей,Васильевич,Егоров,$2b$12$Kbh2MJU6rEw/6UOzq7as3OKLbLZGsiOHnfw5heDzmbDSbK2qirR3m,user
261,orlov261@mail.ru,Родион,Юрьевич,Орлов,$2b$12$Kbh2MJU6rEw/6UOzq7as3OKLbLZGsiOHnfw5heDzmbDSbK2qirR3m,user
262,smirnova262@mail.ru,Полина,Сергеевна,Смирнова,$2b$12$Kbh2MJU6rEw/6UOzq7as3OKLbLZGsiOHnfw5heDzmbDSbK2qirR3m,user
263,bashkirov263@mail.ru,Артемий,Филиппович,Башкиров,$2b$12$Kbh2MJU6rEw/6UOzq7as3OKLbLZGsiOHnfw5heDzmbDSbK2qirR3m,user
264,fadeev264@mail.ru,Роман,Олегович,Фадеев,$2b$12$Kbh2MJU6rEw/6UOzq7as3OKLbLZGsiOHnfw5heDzmbDSbK2qirR3m,user
265,belyaeva265@mail.ru,Оксана,Владимировна,Беляева,$2b$12$Kbh2MJU6rEw/6UOzq7as3OKLbLZGsiOHnfw5heDzmbDSbK2qirR3m,user
266,demidova266@mail.ru,Надежда,Константиновна,Демидова,$2b$12$Kbh2MJU6rEw/6UOzq7as3OKLbLZGsiOHnfw5heDzmbDSbK2qirR3m,user
267,tarasov267@mail.ru,Иван,Никитич,Тарасов,$2b$12$Kbh2MJU6rEw/6UOzq7as3OKLbLZGsiOHnfw5heDzmbDSbK2qirR3m,user
268,orlova268@mail.ru,Оксана,Максимовна,Орлова,$2b$12$Kbh2MJU6rEw/6UOzq7as3OKLbLZGsiOHnfw5heDzmbDSbK2qirR3m,user
269,smirnova269@mail.ru,Евдокия,Станиславовна,Смирнова,$2b$12$Kbh2MJU6rEw/6UOzq7as3OKLbLZGsiOHnfw5heDzmbDSbK2qirR3m,user
270,stepanova270@mail.ru,Любовь,Григорьевна,Степанова,$2b$12$Kbh2MJU6rEw/6UOzq7as3OKLbLZGsiOHnfw5heDzmbDSbK2qirR3m,user
271,zhdanova271@mail.ru,Людмила,Максимовна,Жданова,$2b$12$Kbh2MJU6rEw/6UOzq7as3OKLbLZGsiOHnfw5heDzmbDSbK2qirR3m,user
272,fyodorova272@mail.ru,Екатерина,Николаевна,Фёдорова,$2b$12$Kbh2MJU6rEw/6UOzq7as3OKLbLZGsiOHnfw5heDzmbDSbK2qirR3m,user
273,maksimov273@mail.ru,Анатолий,Геннадьевич,Максимов,$2b$12$Kbh2MJU6rEw/6UOzq7as3OKLbLZGsiOHnfw5heDzmbDSbK2qirR3m,user
274,ershov274@mail.ru,Пётр,Тарасович,Ершов,$2b$12$Kbh2MJU6rEw/6UOzq7as3OKLbLZGsiOHnfw5heDzmbDSbK2qirR3m,user
275,kulikova275@mail.ru,Алина,Дмитриевна,Куликова,$2b$12$Kbh2MJU6rEw/6UOzq7as3OKLbLZGsiOHnfw5heDzmbDSbK2qirR3m,user
276,plotnikov276@mail.ru,Семён,Семёнович,Плотников,$2b$12$Kbh2MJU6rEw/6UOzq7as3OKLbLZGsiOHnfw5heDzmbDSbK2qirR3m,user
277,vorobyov277@mail.ru,Евгений,Максимович,Воробьёв,$2b$12$Kbh2MJU6rEw/6UOzq7as3OKLbLZGsiOHnfw5heDzmbDSbK2qirR3m,user
278,filatova278@mail.ru,Елена,Константиновна,Филатова,$2b$12$Kbh2MJU6rEw/6UOzq7as3OKLbLZGsiOHnfw5heDzmbDSbK2qirR3m,user
279,rodionov279@mail.ru,Фёдор,Фёдорович,Родионов,$2b$12$Kbh2MJU6rEw/6UOzq7as3OKLbLZGsiOHnfw5heDzmbDSbK2qirR3m,user
280,shubina280@mail.ru,Таисия,Борисовна,Шубина,$2b$12$Kbh2MJU6rEw/6UOzq7as3OKLbLZGsiOHnfw5heDzmbDSbK2qirR3m,user
281,guseva281@mail.ru,Полина,Александровна,Гусева,$2b$12$Kbh2MJU6rEw/6UOzq7as3OKLbLZGsiOHnfw5heDzmbDSbK2qirR3m,user
282,bashkirov282@mail.ru,Тимофей,Романович,Башкиров,$2b$12$Kbh2MJU6rEw/6UOzq7as3OKLbLZGsiOHnfw5heDzmbDSbK2qirR3m,user
283,melnikova283@mail.ru,Нина,Константиновна,Мельникова,$2b$12$Kbh2MJU6rEw/6UOzq7as3OKLbLZGsiOHnfw5heDzmbDSbK2qirR3m,user
284,novikov284@mail.ru,Вячеслав,Сергеевич,Новиков,$2b$12$Kbh2MJU6rEw/6UOzq7as3OKLbLZGsiOHnfw5heDzmbDSbK2qirR3m,user
285,belyaeva285@mail.ru,Агата,Филипповна,Беляева,$2b$12$Kbh2MJU6rEw/6UOzq7as3OKLbLZGsiOHnfw5heDzmbDSbK2qirR3m,user
286,shubin286@mail.ru,Алексей,Андреевич,Шубин,$2b$12$Kbh2MJU6rEw/6UOzq7as3OKLbLZGsiOHnfw5heDzmbDSbK2qirR3m,user
287,lebedev287@mail.ru,Леонид,Максимович,Лебедев,$2b$12$Kbh2MJU6rEw/6UOzq7as3OKLbLZGsiOHnfw5heDzmbDSbK2qirR3m,user
288,osipov288@mail.ru,Павел,Семёнович,Осипов,$2b$12$Kbh2MJU6rEw/6UOzq7as3OKLbLZGsiOHnfw5heDzmbDSbK2qirR3m,user
289,nikitin289@mail.ru,Тарас,Петрович,Никитин,$2b$12$Kbh2MJU6rEw/6UOzq7as3OKLbLZGsiOHnfw5heDzmbDSbK2qirR3m,user
290,vasileva290@mail.ru,Юлия,Григорьевна,Васильева,$2b$12$Kbh2MJU6rEw/6UOzq7as3OKLbLZGsiOHnfw5heDzmbDSbK2qirR3m,user
291,romanov291@mail.ru,Кирилл,Никитич,Романов,$2b$12$Kbh2MJU6rEw/6UOzq7as3OKLbLZGsiOHnfw5heDzmbDSbK2qirR3m,user
292,belyaeva292@mail.ru,Ольга,Сергеевна,Беляева,$2b$12$Kbh2MJU6rEw/6UOzq7as3OKLbLZGsiOHnfw5heDzmbDSbK2qirR3m,user
293,sidorov293@mail.ru,Егор,Романович,Сидоров,$2b$12$Kbh2MJU6rEw/6UOzq7as3OKLbLZGsiOHnfw5heDzmbDSbK2qirR3m,user
294,davydov294@mail.ru,Игнат,Константинович,Давыдов,$2b$12$Kbh2MJU6rEw/6UOzq7as3OKLbLZGsiOHnfw5heDzmbDSbK2qirR3m,user
295,belyaeva295@mail.ru,Агата,Васильевна,Беляева,$2b$12$Kbh2MJU6rEw/6UOzq7as3OKLbLZGsiOHnfw5heDzmbDSbK2qirR3m,user
296,romanov296@mail.ru,Сергей,Николаевич,Романов,$2b$12$Kbh2MJU6rEw/6UOzq7as3OKLbLZGsiOHnfw5heDzmbDSbK2qirR3m,user
297,ivanov297@mail.ru,Тимофей,Романович,Иванов,$2b$12$Kbh2MJU6rEw/6UOzq7as3OKLbLZGsiOHnfw5heDzmbDSbK2qirR3m,user
298,stepanov298@mail.ru,Дмитрий,Андреевич,Степанов,$2b$12$Kbh2MJU6rEw/6UOzq7as3OKLbLZGsiOHnfw5heDzmbDSbK2qirR3m,user
299,tarasenko299@mail.ru,Жанна,Юрьевна,Тарасенко,$2b$12$Kbh2MJU6rEw/6UOzq7as3OKLbLZGsiOHnfw5heDzmbDSbK2qirR3m,user
300,belov300@mail.ru,Всеволод,Борисович,Белов,$2b$12$Kbh2MJU6rEw/6UOzq7as3OKLbLZGsiOHnfw5heDzmbDSbK2qirR3m,user
301,voronina301@mail.ru,Лилия,Филипповна,Воронина,$2b$12$Kbh2MJU6rEw/6UOzq7as3OKLbLZGsiOHnfw5heDzmbDSbK2qirR3m,user
302,guseva302@mail.ru,Вера,Васильевна,Гусева,$2b$12$Kbh2MJU6rEw/6UOzq7as3OKLbLZGsiOHnfw5heDzmbDSbK2qirR3m,user
303,danilova303@mail.ru,Алина,Егоровна,Данилова,$2b$12$Kbh2MJU6rEw/6UOzq7as3OKLbLZGsiOHnfw5heDzmbDSbK2qirR3m,user
304,ermakova304@mail.ru,Алла,Сергеевна,Ермакова,$2b$12$Kbh2MJU6rEw/6UOzq7as3OKLbLZGsiOHnfw5heDzmbDSbK2qirR3m,user
305,smirnova305@mail.ru,Мария,Михайловна,Смирнова,$2b$12$Kbh2MJU6rEw/6UOzq7as3OKLbLZGsiOHnfw5heDzmbDSbK2qirR3m,user
306,filatova306@mail.ru,Софья,Никитична,Филатова,$2b$12$Kbh2MJU6rEw/6UOzq7as3OKLbLZGsiOHnfw5heDzmbDSbK2qirR3m,user
307,lobanova307@mail.ru,Елена,Родионовна,Лобанова,$2b$12$Kbh2MJU6rEw/6UOzq7as3OKLbLZGsiOHnfw5heDzmbDSbK2qirR3m,user
308,zhukov308@mail.ru,Фёдор,Егорович,Жуков,$2b$12$Kbh2MJU6rEw/6UOzq7as3OKLbLZGsiOHnfw5heDzmbDSbK2qirR3m,user
309,demidova309@mail.ru,Елена,Аркадьевна,Демидова,$2b$12$Kbh2MJU6rEw/6UOzq7as3OKLbLZGsiOHnfw5heDzmbDSbK2qirR3m,user
310,kiselyova310@mail.ru,Олеся,Дмитриевна,Киселёва,$2b$12$Kbh2MJU6rEw/6UOzq7as3OKLbLZGsiOHnfw5heDzmbDSbK2qirR3m,user
311,markova311@mail.ru,Милана,Семёновна,Маркова,$2b$12$Kbh2MJU6rEw/6UOzq7as3OKLbLZGsiOHnfw5heDzmbDSbK2qirR3m,user
312,lavrov312@mail.ru,Кирилл,Викторович,Лавров,$2b$12$Kbh2MJU6rEw/6UOzq7as3OKLbLZGsiOHnfw5heDzmbDSbK2qirR3m,user
313,shestakova313@mail.ru,Валерия,Олеговна,Шестакова,$2b$12$Kbh2MJU6rEw/6UOzq7as3OKLbLZGsiOHnfw5heDzmbDSbK2qirR3m,user
314,lebedev314@mail.ru,Илья,Алексеевич,Лебедев,$2b$12$Kbh2MJU6rEw/6UOzq7as3OKLbLZGsiOHnfw5heDzmbDSbK2qirR3m,user
315,baranov315@mail.ru,Олег,Петрович,Баранов,$2b$12$Kbh2MJU6rEw/6UOzq7as3OKLbLZGsiOHnfw5heDzmbDSbK2qirR3m,user
316,krylova316@mail.ru,Алина,Алексеевна,Крылова,$2b$12$Kbh2MJU6rEw/6UOzq7as3OKLbLZGsiOHnfw5heDzmbDSbK2qirR3m,user
317,novikov317@mail.ru,Вячеслав,Максимович,Новиков,$2b$12$Kbh2MJU6rEw/6UOzq7as3OKLbLZGsiOHnfw5heDzmbDSbK2qirR3m,user
318,baranov318@mail.ru,Семён,Александрович,Баранов,$2b$12$Kbh2MJU6rEw/6UOzq7as3OKLbLZGsiOHnfw5heDzmbDSbK2qirR3m,user
319,safonov319@mail.ru,Глеб,Филиппович,Сафонов,$2b$12$Kbh2MJU6rEw/6UOzq7as3OKLbLZGsiOHnfw5heDzmbDSbK2qirR3m,user
320,pavlov320@mail.ru,Борис,Максимович,Павлов,$2b$12$Kbh2MJU6rEw/6UOzq7as3OKLbLZGsiOHnfw5heDzmbDSbK2qirR3m,user
321,kozlov321@mail.ru,Григорий,Никитич,Козлов,$2b$12$Kbh2MJU6rEw/6UOzq7as3OKLbLZGsiOHnfw5heDzmbDSbK2qirR3m,user
322,ershov322@mail.ru,Тарас,Александрович,Ершов,$2b$12$Kbh2MJU6rEw/6UOzq7as3OKLbLZGsiOHnfw5heDzmbDSbK2qirR3m,user
323,semyonova323@mail.ru,Мария,Михайловна,Семёнова,$2b$12$Kbh2MJU6rEw/6UOzq7as3OKLbLZGsiOHnfw5heDzmbDSbK2qirR3m,user
324,osipov324@mail.ru,Семён,Викторович,Осипов,$2b$12$Kbh2MJU6rEw/6UOzq7as3OKLbLZGsiOHnfw5heDzmbDSbK2qirR3m,user
325,filatova325@mail.ru,Евдокия,Михайловна,Филатова,$2b$12$Kbh2MJU6rEw/6UOzq7as3OKLbLZGsiOHnfw5heDzmbDSbK2qirR3m,user
326,vinogradova326@mail.ru,Таисия,Петровна,Виноградова,$2b$12$Kbh2MJU6rEw/6UOzq7as3OKLbLZGsiOHnfw5heDzmbDSbK2qirR3m,user
327,soboleva327@mail.ru,Зоя,Алексеевна,Соболева,$2b$12$Kbh2MJU6rEw/6UOzq7as3OKLbLZGsiOHnfw5heDzmbDSbK2qirR3m,user
328,kozlova328@mail.ru,Светлана,Ильинична,Козлова,$2b$12$Kbh2MJU6rEw/6UOzq7as3OKLbLZGsiOHnfw5heDzmbDSbK2qirR3m,user
329,andreeva329@mail.ru,Таисия,Григорьевна,Андреева,$2b$12$Kbh2MJU6rEw/6UOzq7as3OKLbLZGsiOHnfw5heDzmbDSbK2qirR3m,user
330,romanova330@mail.ru,Юлия,Игоревна,Романова,$2b$12$Kbh2MJU6rEw/6UOzq7as3OKLbLZGsiOHnfw5heDzmbDSbK2qirR3m,user
331,baranov331@mail.ru,Даниил,Леонидович,Баранов,$2b$12$Kbh2MJU6rEw/6UOzq7as3OKLbLZGsiOHnfw5heDzmbDSbK2qirR3m,user
332,frolov332@mail.ru,Станислав,Егорович,Фролов,$2b$12$Kbh2MJU6rEw/6UOzq7as3OKLbLZGsiOHnfw5heDzmbDSbK2qirR3m,user
333,frolov333@mail.ru,Григорий,Александрович,Фролов,$2b$12$Kbh2MJU6rEw/6UOzq7as3OKLbLZGsiOHnfw5heDzmbDSbK2qirR3m,user
334,maksimov334@mail.ru,Денис,Родионович,Максимов,$2b$12$Kbh2MJU6rEw/6UOzq7as3OKLbLZGsiOHnfw5heDzmbDSbK2qirR3m,user
335,stepanov335@mail.ru,Евгений,Иванович,Степанов,$2b$12$Kbh2MJU6rEw/6UOzq7as3OKLbLZGsiOHnfw5heDzmbDSbK2qirR3m,user
336,baranova336@mail.ru,Надежда,Анатольевна,Баранова,$2b$12$Kbh2MJU6rEw/6UOzq7as3OKLbLZGsiOHnfw5heDzmbDSbK2qirR3m,user
337,shubin337@mail.ru,Пётр,Родионович,Шубин,$2b$12$Kbh2MJU6rEw/6UOzq7as3OKLbLZGsiOHnfw5heDzmbDSbK2qirR3m,user
338,vorobyova338@mail.ru,Таисия,Филипповна,Воробьёва,$2b$12$Kbh2MJU6rEw/6UOzq7as3OKLbLZGsiOHnfw5heDzmbDSbK2qirR3m,user
339,panina339@mail.ru,Карина,Владимировна,Панина,$2b$12$Kbh2MJU6rEw/6UOzq7as3OKLbLZGsiOHnfw5heDzmbDSbK2qirR3m,user
340,vasilev340@mail.ru,Георгий,Аркадьевич,Васильев,$2b$12$Kbh2MJU6rEw/6UOzq7as3OKLbLZGsiOHnfw5heDzmbDSbK2qirR3m,user
341,semyonov341@mail.ru,Игорь,Викторович,Семёнов,$2b$12$Kbh2MJU6rEw/6UOzq7as3OKLbLZGsiOHnfw5heDzmbDSbK2qirR3m,user
342,zimin342@mail.ru,Игнат,Яковлевич,Зимин,$2b$12$Kbh2MJU6rEw/6UOzq7as3OKLbLZGsiOHnfw5heDzmbDSbK2qirR3m,user
343,belyaeva343@mail.ru,Вера,Егоровна,Беляева,$2b$12$Kbh2MJU6rEw/6UOzq7as3OKLbLZGsiOHnfw5heDzmbDSbK2qirR3m,user
344,frolova344@mail.ru,Алла,Родионовна,Фролова,$2b$12$Kbh2MJU6rEw/6UOzq7as3OKLbLZGsiOHnfw5heDzmbDSbK2qirR3m,user
345,filippova345@mail.ru,Людмила,Никитична,Филиппова,$2b$12$Kbh2MJU6rEw/6UOzq7as3OKLbLZGsiOHnfw5heDzmbDSbK2qirR3m,user
346,mironov346@mail.ru,Фёдор,Григорьевич,Миронов,$2b$12$Kbh2MJU6rEw/6UOzq7as3OKLbLZGsiOHnfw5heDzmbDSbK2qirR3m,user
347,romanov347@mail.ru,Тарас,Родионович,Романов,$2b$12$Kbh2MJU6rEw/6UOzq7as3OKLbLZGsiOHnfw5heDzmbDSbK2qirR3m,user
348,korolyova348@mail.ru,Тамара,Аркадьевна,Королёва,$2b$12$Kbh2MJU6rEw/6UOzq7as3OKLbLZGsiOHnfw5heDzmbDSbK2qirR3m,user
349,belova349@mail.ru,Раиса,Анатольевна,Белова,$2b$12$Kbh2MJU6rEw/6UOzq7as3OKLbLZGsiOHnfw5heDzmbDSbK2qirR3m,user
350,golubeva350@mail.ru,Людмила,Тарасовна,Голубева,$2b$12$Kbh2MJU6rEw/6UOzq7as3OKLbLZGsiOHnfw5heDzmbDSbK2qirR3m,user
351,maksimov351@mail.ru,Андрей,Тарасович,Максимов,$2b$12$Kbh2MJU6rEw/6UOzq7as3OKLbLZGsiOHnfw5heDzmbDSbK2qirR3m,user
352,bogdanova352@mail.ru,Яна,Олеговна,Богданова,$2b$12$Kbh2MJU6rEw/6UOzq7as3OKLbLZGsiOHnfw5heDzmbDSbK2qirR3m,user
353,lobanova353@mail.ru,Елена,Павловна,Лобанова,$2b$12$Kbh2MJU6rEw/6UOzq7as3OKLbLZGsiOHnfw5heDzmbDSbK2qirR3m,user
354,golubeva354@mail.ru,Таисия,Николаевна,Голубева,$2b$12$Kbh2MJU6rEw/6UOzq7as3OKLbLZGsiOHnfw5heDzmbDSbK2qirR3m,user
355,pavlov355@mail.ru,Константин,Александрович,Павлов,$2b$12$Kbh2MJU6rEw/6UOzq7as3OKLbLZGsiOHnfw5heDzmbDSbK2qirR3m,user
356,titova356@mail.ru,Алёна,Максимовна,Титова,$2b$12$Kbh2MJU6rEw/6UOzq7as3OKLbLZGsiOHnfw5heDzmbDSbK2qirR3m,user
357,tarasov357@mail.ru,Георгий,Родионович,Тарасов,$2b$12$Kbh2MJU6rEw/6UOzq7as3OKLbLZGsiOHnfw5heDzmbDSbK2qirR3m,user
358,titova358@mail.ru,Елена,Петровна,Титова,$2b$12$Kbh2MJU6rEw/6UOzq7as3OKLbLZGsiOHnfw5heDzmbDSbK2qirR3m,user
359,trofimova359@mail.ru,Софья,Николаевна,Трофимова,$2b$12$Kbh2MJU6rEw/6UOzq7as3OKLbLZGsiOHnfw5heDzmbDSbK2qirR3m,user
360,gusev360@mail.ru,Григорий,Максимович,Гусев,$2b$12$Kbh2MJU6rEw/6UOzq7as3OKLbLZGsiOHnfw5heDzmbDSbK2qirR3m,user
361,novikov361@mail.ru,Степан,Филиппович,Новиков,$2b$12$Kbh2MJU6rEw/6UOzq7as3OKLbLZGsiOHnfw5heDzmbDSbK2qirR3m,user
362,yakovleva362@mail.ru,Евдокия,Станиславовна,Яковлева,$2b$12$Kbh2MJU6rEw/6UOzq7as3OKLbLZGsiOHnfw5heDzmbDSbK2qirR3m,user
363,bogdanov363@mail.ru,Николай,Анатольевич,Богданов,$2b$12$Kbh2MJU6rEw/6UOzq7as3OKLbLZGsiOHnfw5heDzmbDSbK2qirR3m,user
364,zaytseva364@mail.ru,Олеся,Яковлевна,Зайцева,$2b$12$Kbh2MJU6rEw/6UOzq7as3OKLbLZGsiOHnfw5heDzmbDSbK2qirR3m,user
365,solovyov365@mail.ru,Вадим,Евгеньевич,Соловьёв,$2b$12$Kbh2MJU6rEw/6UOzq7as3OKLbLZGsiOHnfw5heDzmbDSbK2qirR3m,user
366,grigorev366@mail.ru,Арсений,Никитич,Григорьев,$2b$12$Kbh2MJU6rEw/6UOzq7as3OKLbLZGsiOHnfw5heDzmbDSbK2qirR3m,user
367,andreeva367@mail.ru,Инга,Тарасовна,Андреева,$2b$12$Kbh2MJU6rEw/6UOzq7as3OKLbLZGsiOHnfw5heDzmbDSbK2qirR3m,user
368,safonov368@mail.ru,Виктор,Фёдорович,Сафонов,$2b$12$Kbh2MJU6rEw/6UOzq7as3OKLbLZGsiOHnfw5heDzmbDSbK2qirR3m,user
369,andreev369@mail.ru,Станислав,Тарасович,Андреев,$2b$12$Kbh2MJU6rEw/6UOzq7as3OKLbLZGsiOHnfw5heDzmbDSbK2qirR3m,user
370,novikov370@mail.ru,Василий,Иванович,Новиков,$2b$12$Kbh2MJU6rEw/6UOzq7as3OKLbLZGsiOHnfw5heDzmbDSbK2qirR3m,user
371,zaytsev371@mail.ru,Геннадий,Васильевич,Зайцев,$2b$12$Kbh2MJU6rEw/6UOzq7as3OKLbLZGsiOHnfw5heDzmbDSbK2qirR3m,user
372,zaytseva372@mail.ru,Алла,Станиславовна,Зайцева,$2b$12$Kbh2MJU6rEw/6UOzq7as3OKLbLZGsiOHnfw5heDzmbDSbK2qirR3m,user
373,bogdanov373@mail.ru,Егор,Романович,Богданов,$2b$12$Kbh2MJU6rEw/6UOzq7as3OKLbLZGsiOHnfw5heDzmbDSbK2qirR3m,user
374,mironova374@mail.ru,Оксана,Михайловна,Миронова,$2b$12$Kbh2MJU6rEw/6UOzq7as3OKLbLZGsiOHnfw5heDzmbDSbK2qirR3m,user
375,bashkirov375@mail.ru,Филипп,Александрович,Башкиров,$2b$12$Kbh2MJU6rEw/6UOzq7as3OKLbLZGsiOHnfw5heDzmbDSbK2qirR3m,user
376,filatova376@mail.ru,Инга,Тарасовна,Филатова,$2b$12$Kbh2MJU6rEw/6UOzq7as3OKLbLZGsiOHnfw5heDzmbDSbK2qirR3m,user
377,pavlov377@mail.ru,Всеволод,Никитич,Павлов,$2b$12$Kbh2MJU6rEw/6UOzq7as3OKLbLZGsiOHnfw5heDzmbDSbK2qirR3m,user
378,terekhova378@mail.ru,Любовь,Тарасовна,Терехова,$2b$12$Kbh2MJU6rEw/6UOzq7as3OKLbLZGsiOHnfw5heDzmbDSbK2qirR3m,user
379,saveleva379@mail.ru,Зоя,Викторовна,Савельева,$2b$12$Kbh2MJU6rEw/6UOzq7as3OKLbLZGsiOHnfw5heDzmbDSbK2qirR3m,user
380,grigorev380@mail.ru,Дмитрий,Никитич,Григорьев,$2b$12$Kbh2MJU6rEw/6UOzq7as3OKLbLZGsiOHnfw5heDzmbDSbK2qirR3m,user
381,lobanova381@mail.ru,Людмила,Борисовна,Лобанова,$2b$12$Kbh2MJU6rEw/6UOzq7as3OKLbLZGsiOHnfw5heDzmbDSbK2qirR3m,user
382,tikhonova382@mail.ru,Жанна,Станиславовна,Тихонова,$2b$12$Kbh2MJU6rEw/6UOzq7as3OKLbLZGsiOHnfw5heDzmbDSbK2qirR3m,user
383,voronina383@mail.ru,Диана,Леонидовна,Воронина,$2b$12$Kbh2MJU6rEw/6UOzq7as3OKLbLZGsiOHnfw5heDzmbDSbK2qirR3m,user
384,plotnikov384@mail.ru,Даниил,Родионович,Плотников,$2b$12$Kbh2MJU6rEw/6UOzq7as3OKLbLZGsiOHnfw5heDzmbDSbK2qirR3m,user
385,komarova385@mail.ru,Инга,Олеговна,Комарова,$2b$12$Kbh2MJU6rEw/6UOzq7as3OKLbLZGsiOHnfw5heDzmbDSbK2qirR3m,user
386,egorova386@mail.ru,Яна,Евгеньевна,Егорова,$2b$12$Kbh2MJU6rEw/6UOzq7as3OKLbLZGsiOHnfw5heDzmbDSbK2qirR3m,user
387,zaytseva387@mail.ru,Софья,Яковлевна,Зайцева,$2b$12$Kbh2MJU6rEw/6UOzq7as3OKLbLZGsiOHnfw5heDzmbDSbK2qirR3m,user
388,filatova388@mail.ru,Диана,Даниловна,Филатова,$2b$12$Kbh2MJU6rEw/6UOzq7as3OKLbLZGsiOHnfw5heDzmbDSbK2qirR3m,user
389,filippova389@mail.ru,Таисия,Юрьевна,Филиппова,$2b$12$Kbh2MJU6rEw/6UOzq7as3OKLbLZGsiOHnfw5heDzmbDSbK2qirR3m,user
390,chernyshyov390@mail.ru,Иван,Романович,Чернышёв,$2b$12$Kbh2MJU6rEw/6UOzq7as3OKLbLZGsiOHnfw5heDzmbDSbK2qirR3m,user
391,andreev391@mail.ru,Аркадий,Яковлевич,Андреев,$2b$12$Kbh2MJU6rEw/6UOzq7as3OKLbLZGsiOHnfw5heDzmbDSbK2qirR3m,user
392,sidorov392@mail.ru,Леонид,Тарасович,Сидоров,$2b$12$Kbh2MJU6rEw/6UOzq7as3OKLbLZGsiOHnfw5heDzmbDSbK2qirR3m,user
393,baranova393@mail.ru,Алла,Николаевна,Баранова,$2b$12$Kbh2MJU6rEw/6UOzq7as3OKLbLZGsiOHnfw5heDzmbDSbK2qirR3m,user
394,afanaseva394@mail.ru,Зоя,Платоновна,Афанасьева,$2b$12$Kbh2MJU6rEw/6UOzq7as3OKLbLZGsiOHnfw5heDzmbDSbK2qirR3m,user
395,stepanov395@mail.ru,Сергей,Андреевич,Степанов,$2b$12$Kbh2MJU6rEw/6UOzq7as3OKLbLZGsiOHnfw5heDzmbDSbK2qirR3m,user
396,sidorov396@mail.ru,Юрий,Ильинич,Сидоров,$2b$12$Kbh2MJU6rEw/6UOzq7as3OKLbLZGsiOHnfw5heDzmbDSbK2qirR3m,user
397,matveev397@mail.ru,Василий,Платонович,Матвеев,$2b$12$Kbh2MJU6rEw/6UOzq7as3OKLbLZGsiOHnfw5heDzmbDSbK2qirR3m,user
398,kulagina398@mail.ru,Нелли,Павловна,Кулагина,$2b$12$Kbh2MJU6rEw/6UOzq7as3OKLbLZGsiOHnfw5heDzmbDSbK2qirR3m,user
399,demidova399@mail.ru,Инга,Никитична,Демидова,$2b$12$Kbh2MJU6rEw/6UOzq7as3OKLbLZGsiOHnfw5heDzmbDSbK2qirR3m,user
400,bogdanova400@mail.ru,Светлана,Леонидовна,Богданова,$2b$12$Kbh2MJU6rEw/6UOzq7as3OKLbLZGsiOHnfw5heDzmbDSbK2qirR3m,user
401,bogdanov401@mail.ru,Тимофей,Александрович,Богданов,$2b$12$Kbh2MJU6rEw/6UOzq7as3OKLbLZGsiOHnfw5heDzmbDSbK2qirR3m,user
402,vorobyova402@mail.ru,Светлана,Семёновна,Воробьёва,$2b$12$Kbh2MJU6rEw/6UOzq7as3OKLbLZGsiOHnfw5heDzmbDSbK2qirR3m,user
403,terekhova403@mail.ru,Карина,Аркадьевна,Терехова,$2b$12$Kbh2MJU6rEw/6UOzq7as3OKLbLZGsiOHnfw5heDzmbDSbK2qirR3m,user
404,ershov404@mail.ru,Анатолий,Филиппович,Ершов,$2b$12$Kbh2MJU6rEw/6UOzq7as3OKLbLZGsiOHnfw5heDzmbDSbK2qirR3m,user
405,petrov405@mail.ru,Руслан,Алексеевич,Петров,$2b$12$Kbh2MJU6rEw/6UOzq7as3OKLbLZGsiOHnfw5heDzmbDSbK2qirR3m,user
406,trofimova406@mail.ru,Людмила,Михайловна,Трофимова,$2b$12$Kbh2MJU6rEw/6UOzq7as3OKLbLZGsiOHnfw5heDzmbDSbK2qirR3m,user
407,matveeva407@mail.ru,Алина,Борисовна,Матвеева,$2b$12$Kbh2MJU6rEw/6UOzq7as3OKLbLZGsiOHnfw5heDzmbDSbK2qirR3m,user
408,matveev408@mail.ru,Юрий,Игоревич,Матвеев,$2b$12$Kbh2MJU6rEw/6UOzq7as3OKLbLZGsiOHnfw5heDzmbDSbK2qirR3m,user
409,terekhova409@mail.ru,Ирина,Егоровна,Терехова,$2b$12$Kbh2MJU6rEw/6UOzq7as3OKLbLZGsiOHnfw5heDzmbDSbK2qirR3m,user
410,baranov410@mail.ru,Филипп,Владимирович,Баранов,$2b$12$Kbh2MJU6rEw/6UOzq7as3OKLbLZGsiOHnfw5heDzmbDSbK2qirR3m,user
411,timofeev411@mail.ru,Артём,Фёдорович,Тимофеев,$2b$12$Kbh2MJU6rEw/6UOzq7as3OKLbLZGsiOHnfw5heDzmbDSbK2qirR3m,user
412,safonova412@mail.ru,Олеся,Романовна,Сафонова,$2b$12$Kbh2MJU6rEw/6UOzq7as3OKLbLZGsiOHnfw5heDzmbDSbK2qirR3m,user
413,fyodorov413@mail.ru,Алексей,Леонидович,Фёдоров,$2b$12$Kbh2MJU6rEw/6UOzq7as3OKLbLZGsiOHnfw5heDzmbDSbK2qirR3m,user
414,kozlov414@mail.ru,Артемий,Владимирович,Козлов,$2b$12$Kbh2MJU6rEw/6UOzq7as3OKLbLZGsiOHnfw5heDzmbDSbK2qirR3m,user
415,krylova415@mail.ru,Юлия,Яковлевна,Крылова,$2b$12$Kbh2MJU6rEw/6UOzq7as3OKLbLZGsiOHnfw5heDzmbDSbK2qirR3m,user
416,volkova416@mail.ru,Милана,Семёновна,Волкова,$2b$12$Kbh2MJU6rEw/6UOzq7as3OKLbLZGsiOHnfw5heDzmbDSbK2qirR3m,user
417,nikolaeva417@mail.ru,Лилия,Васильевна,Николаева,$2b$12$Kbh2MJU6rEw/6UOzq7as3OKLbLZGsiOHnfw5heDzmbDSbK2qirR3m,user
418,egorov418@mail.ru,Максим,Геннадьевич,Егоров,$2b$12$Kbh2MJU6rEw/6UOzq7as3OKLbLZGsiOHnfw5heDzmbDSbK2qirR3m,user
419,frolov419@mail.ru,Анатолий,Данилович,Фролов,$2b$12$Kbh2MJU6rEw/6UOzq7as3OKLbLZGsiOHnfw5heDzmbDSbK2qirR3m,user
420,sidorov420@mail.ru,Олег,Сергеевич,Сидоров,$2b$12$Kbh2MJU6rEw/6UOzq7as3OKLbLZGsiOHnfw5heDzmbDSbK2qirR3m,user
421,pavlov421@mail.ru,Всеволод,Семёнович,Павлов,$2b$12$Kbh2MJU6rEw/6UOzq7as3OKLbLZGsiOHnfw5heDzmbDSbK2qirR3m,user
422,zimin422@mail.ru,Филипп,Ильинич,Зимин,$2b$12$Kbh2MJU6rEw/6UOzq7as3OKLbLZGsiOHnfw5heDzmbDSbK2qirR3m,user
423,ivanov423@mail.ru,Иван,Григорьевич,Иванов,$2b$12$Kbh2MJU6rEw/6UOzq7as3OKLbLZGsiOHnfw5heDzmbDSbK2qirR3m,user
424,baranova424@mail.ru,Раиса,Григорьевна,Баранова,$2b$12$Kbh2MJU6rEw/6UOzq7as3OKLbLZGsiOHnfw5heDzmbDSbK2qirR3m,user
425,zhukov425@mail.ru,Константин,Анатольевич,Жуков,$2b$12$Kbh2MJU6rEw/6UOzq7as3OKLbLZGsiOHnfw5heDzmbDSbK2qirR3m,user
426,mironov426@mail.ru,Филипп,Петрович,Миронов,$2b$12$Kbh2MJU6rEw/6UOzq7as3OKLbLZGsiOHnfw5heDzmbDSbK2qirR3m,user
427,zhukov427@mail.ru,Аркадий,Игоревич,Жуков,$2b$12$Kbh2MJU6rEw/6UOzq7as3OKLbLZGsiOHnfw5heDzmbDSbK2qirR3m,user
428,lebedev428@mail.ru,Родион,Викторович,Лебедев,$2b$12$Kbh2MJU6rEw/6UOzq7as3OKLbLZGsiOHnfw5heDzmbDSbK2qirR3m,user
429,korolyova429@mail.ru,Вероника,Борисовна,Королёва,$2b$12$Kbh2MJU6rEw/6UOzq7as3OKLbLZGsiOHnfw5heDzmbDSbK2qirR3m,user
430,lebedeva430@mail.ru,Галина,Александровна,Лебедева,$2b$12$Kbh2MJU6rEw/6UOzq7as3OKLbLZGsiOHnfw5heDzmbDSbK2qirR3m,user
431,kuznetsova431@mail.ru,Инна,Родионовна,Кузнецова,$2b$12$Kbh2MJU6rEw/6UOzq7as3OKLbLZGsiOHnfw5heDzmbDSbK2qirR3m,user
432,tarasova432@mail.ru,Милана,Борисовна,Тарасова,$2b$12$Kbh2MJU6rEw/6UOzq7as3OKLbLZGsiOHnfw5heDzmbDSbK2qirR3m,user
433,baranov433@mail.ru,Никита,Романович,Баранов,$2b$12$Kbh2MJU6rEw/6UOzq7as3OKLbLZGsiOHnfw5heDzmbDSbK2qirR3m,user
434,polyakova434@mail.ru,Надежда,Ивановна,Полякова,$2b$12$Kbh2MJU6rEw/6UOzq7as3OKLbLZGsiOHnfw5heDzmbDSbK2qirR3m,user
435,sergeeva435@mail.ru,Мария,Родионовна,Сергеева,$2b$12$Kbh2MJU6rEw/6UOzq7as3OKLbLZGsiOHnfw5heDzmbDSbK2qirR3m,user
436,loginova436@mail.ru,Яна,Ивановна,Логинова,$2b$12$Kbh2MJU6rEw/6UOzq7as3OKLbLZGsiOHnfw5heDzmbDSbK2qirR3m,user
437,kondratev437@mail.ru,Станислав,Михайлович,Кондратьев,$2b$12$Kbh2MJU6rEw/6UOzq7as3OKLbLZGsiOHnfw5heDzmbDSbK2qirR3m,user
438,grigoreva438@mail.ru,Ольга,Яковлевна,Григорьева,$2b$12$Kbh2MJU6rEw/6UOzq7as3OKLbLZGsiOHnfw5heDzmbDSbK2qirR3m,user
439,sorokin439@mail.ru,Павел,Павлович,Сорокин,$2b$12$Kbh2MJU6rEw/6UOzq7as3OKLbLZGsiOHnfw5heDzmbDSbK2qirR3m,user
440,belkina440@mail.ru,Виктория,Николаевна,Белкина,$2b$12$Kbh2MJU6rEw/6UOzq7as3OKLbLZGsiOHnfw5heDzmbDSbK2qirR3m,user
441,maksimov441@mail.ru,Игорь,Семёнович,Максимов,$2b$12$Kbh2MJU6rEw/6UOzq7as3OKLbLZGsiOHnfw5heDzmbDSbK2qirR3m,user
442,solovyov442@mail.ru,Даниил,Евгеньевич,Соловьёв,$2b$12$Kbh2MJU6rEw/6UOzq7as3OKLbLZGsiOHnfw5heDzmbDSbK2qirR3m,user
443,nikitina443@mail.ru,Светлана,Платоновна,Никитина,$2b$12$Kbh2MJU6rEw/6UOzq7as3OKLbLZGsiOHnfw5heDzmbDSbK2qirR3m,user
444,morozov444@mail.ru,Андрей,Яковлевич,Морозов,$2b$12$Kbh2MJU6rEw/6UOzq7as3OKLbLZGsiOHnfw5heDzmbDSbK2qirR3m,user
445,chernova445@mail.ru,Виктория,Фёдоровна,Чернова,$2b$12$Kbh2MJU6rEw/6UOzq7as3OKLbLZGsiOHnfw5heDzmbDSbK2qirR3m,user
446,shubin446@mail.ru,Всеволод,Иванович,Шубин,$2b$12$Kbh2MJU6rEw/6UOzq7as3OKLbLZGsiOHnfw5heDzmbDSbK2qirR3m,user
447,morozova447@mail.ru,Таисия,Родионовна,Морозова,$2b$12$Kbh2MJU6rEw/6UOzq7as3OKLbLZGsiOHnfw5heDzmbDSbK2qirR3m,user
448,krylova448@mail.ru,Марина,Владимировна,Крылова,$2b$12$Kbh2MJU6rEw/6UOzq7as3OKLbLZGsiOHnfw5heDzmbDSbK2qirR3m,user
449,lobanov449@mail.ru,Кирилл,Вадимович,Лобанов,$2b$12$Kbh2MJU6rEw/6UOzq7as3OKLbLZGsiOHnfw5heDzmbDSbK2qirR3m,user
450,trofimova450@mail.ru,Екатерина,Никитична,Трофимова,$2b$12$Kbh2MJU6rEw/6UOzq7as3OKLbLZGsiOHnfw5heDzmbDSbK2qirR3m,user
451,grigoreva451@mail.ru,Дарья,Константиновна,Григорьева,$2b$12$Kbh2MJU6rEw/6UOzq7as3OKLbLZGsiOHnfw5heDzmbDSbK2qirR3m,user
452,tarasenko452@mail.ru,Диана,Станиславовна,Тарасенко,$2b$12$Kbh2MJU6rEw/6UOzq7as3OKLbLZGsiOHnfw5heDzmbDSbK2qirR3m,user
453,belov453@mail.ru,Роман,Никитич,Белов,$2b$12$Kbh2MJU6rEw/6UOzq7as3OKLbLZGsiOHnfw5heDzmbDSbK2qirR3m,user
454,zaytsev454@mail.ru,Борис,Андреевич,Зайцев,$2b$12$Kbh2MJU6rEw/6UOzq7as3OKLbLZGsiOHnfw5heDzmbDSbK2qirR3m,user
455,bochkaryova455@mail.ru,Лариса,Евгеньевна,Бочкарёва,$2b$12$Kbh2MJU6rEw/6UOzq7as3OKLbLZGsiOHnfw5heDzmbDSbK2qirR3m,user
456,kozlov456@mail.ru,Тарас,Платонович,Козлов,$2b$12$Kbh2MJU6rEw/6UOzq7as3OKLbLZGsiOHnfw5heDzmbDSbK2qirR3m,user
457,shubina457@mail.ru,Людмила,Григорьевна,Шубина,$2b$12$Kbh2MJU6rEw/6UOzq7as3OKLbLZGsiOHnfw5heDzmbDSbK2qirR3m,user
458,sidorov458@mail.ru,Артемий,Аркадьевич,Сидоров,$2b$12$Kbh2MJU6rEw/6UOzq7as3OKLbLZGsiOHnfw5heDzmbDSbK2qirR3m,user
459,lebedev459@mail.ru,Юрий,Сергеевич,Лебедев,$2b$12$Kbh2MJU6rEw/6UOzq7as3OKLbLZGsiOHnfw5heDzmbDSbK2qirR3m,user
460,zhukov460@mail.ru,Фёдор,Дмитриевич,Жуков,$2b$12$Kbh2MJU6rEw/6UOzq7as3OKLbLZGsiOHnfw5heDzmbDSbK2qirR3m,user
461,bashkirov461@mail.ru,Тимофей,Петрович,Башкиров,$2b$12$Kbh2MJU6rEw/6UOzq7as3OKLbLZGsiOHnfw5heDzmbDSbK2qirR3m,user
462,borisova462@mail.ru,Светлана,Егоровна,Борисова,$2b$12$Kbh2MJU6rEw/6UOzq7as3OKLbLZGsiOHnfw5heDzmbDSbK2qirR3m,user
463,belov463@mail.ru,Леонид,Павлович,Белов,$2b$12$Kbh2MJU6rEw/6UOzq7as3OKLbLZGsiOHnfw5heDzmbDSbK2qirR3m,user
464,bashkirov464@mail.ru,Павел,Егорович,Башкиров,$2b$12$Kbh2MJU6rEw/6UOzq7as3OKLbLZGsiOHnfw5heDzmbDSbK2qirR3m,user
465,nikitina465@mail.ru,Алла,Юрьевна,Никитина,$2b$12$Kbh2MJU6rEw/6UOzq7as3OKLbLZGsiOHnfw5heDzmbDSbK2qirR3m,user
466,plotnikova466@mail.ru,Жанна,Станиславовна,Плотникова,$2b$12$Kbh2MJU6rEw/6UOzq7as3OKLbLZGsiOHnfw5heDzmbDSbK2qirR3m,user
467,vasilev467@mail.ru,Иван,Викторович,Васильев,$2b$12$Kbh2MJU6rEw/6UOzq7as3OKLbLZGsiOHnfw5heDzmbDSbK2qirR3m,user
468,vasileva468@mail.ru,Людмила,Анатольевна,Васильева,$2b$12$Kbh2MJU6rEw/6UOzq7as3OKLbLZGsiOHnfw5heDzmbDSbK2qirR3m,user
469,grigoreva469@mail.ru,Галина,Максимовна,Григорьева,$2b$12$Kbh2MJU6rEw/6UOzq7as3OKLbLZGsiOHnfw5heDzmbDSbK2qirR3m,user
470,melnikova470@mail.ru,Валерия,Фёдоровна,Мельникова,$2b$12$Kbh2MJU6rEw/6UOzq7as3OKLbLZGsiOHnfw5heDzmbDSbK2qirR3m,user
471,belyaev471@mail.ru,Антон,Евгеньевич,Беляев,$2b$12$Kbh2MJU6rEw/6UOzq7as3OKLbLZGsiOHnfw5heDzmbDSbK2qirR3m,user
472,baranova472@mail.ru,Яна,Романовна,Баранова,$2b$12$Kbh2MJU6rEw/6UOzq7as3OKLbLZGsiOHnfw5heDzmbDSbK2qirR3m,user
473,pavlova473@mail.ru,Алина,Романовна,Павлова,$2b$12$Kbh2MJU6rEw/6UOzq7as3OKLbLZGsiOHnfw5heDzmbDSbK2qirR3m,user
474,nikiforova474@mail.ru,Инга,Максимовна,Никифорова,$2b$12$Kbh2MJU6rEw/6UOzq7as3OKLbLZGsiOHnfw5heDzmbDSbK2qirR3m,user
475,krylova475@mail.ru,Нелли,Ивановна,Крылова,$2b$12$Kbh2MJU6rEw/6UOzq7as3OKLbLZGsiOHnfw5heDzmbDSbK2qirR3m,user
476,danilov476@mail.ru,Кирилл,Родионович,Данилов,$2b$12$Kbh2MJU6rEw/6UOzq7as3OKLbLZGsiOHnfw5heDzmbDSbK2qirR3m,user
477,andreeva477@mail.ru,Софья,Сергеевна,Андреева,$2b$12$Kbh2MJU6rEw/6UOzq7as3OKLbLZGsiOHnfw5heDzmbDSbK2qirR3m,user
478,melnikova478@mail.ru,Елена,Константиновна,Мельникова,$2b$12$Kbh2MJU6rEw/6UOzq7as3OKLbLZGsiOHnfw5heDzmbDSbK2qirR3m,user
479,pavlov479@mail.ru,Константин,Иванович,Павлов,$2b$12$Kbh2MJU6rEw/6UOzq7as3OKLbLZGsiOHnfw5heDzmbDSbK2qirR3m,user
480,komarova480@mail.ru,Милана,Дмитриевна,Комарова,$2b$12$Kbh2MJU6rEw/6UOzq7as3OKLbLZGsiOHnfw5heDzmbDSbK2qirR3m,user
481,petrov481@mail.ru,Вячеслав,Тарасович,Петров,$2b$12$Kbh2MJU6rEw/6UOzq7as3OKLbLZGsiOHnfw5heDzmbDSbK2qirR3m,user
482,semyonova482@mail.ru,Наталья,Юрьевна,Семёнова,$2b$12$Kbh2MJU6rEw/6UOzq7as3OKLbLZGsiOHnfw5heDzmbDSbK2qirR3m,user
483,pavlova483@mail.ru,Диана,Борисовна,Павлова,$2b$12$Kbh2MJU6rEw/6UOzq7as3OKLbLZGsiOHnfw5heDzmbDSbK2qirR3m,user
484,grigorev484@mail.ru,Алексей,Викторович,Григорьев,$2b$12$Kbh2MJU6rEw/6UOzq7as3OKLbLZGsiOHnfw5heDzmbDSbK2qirR3m,user
485,semyonova485@mail.ru,Лилия,Сергеевна,Семёнова,$2b$12$Kbh2MJU6rEw/6UOzq7as3OKLbLZGsiOHnfw5heDzmbDSbK2qirR3m,user
486,ivanov486@mail.ru,Алексей,Платонович,Иванов,$2b$12$Kbh2MJU6rEw/6UOzq7as3OKLbLZGsiOHnfw5heDzmbDSbK2qirR3m,user
487,popov487@mail.ru,Дмитрий,Юрьевич,Попов,$2b$12$Kbh2MJU6rEw/6UOzq7as3OKLbLZGsiOHnfw5heDzmbDSbK2qirR3m,user
488,chernyshyova488@mail.ru,Тамара,Максимовна,Чернышёва,$2b$12$Kbh2MJU6rEw/6UOzq7as3OKLbLZGsiOHnfw5heDzmbDSbK2qirR3m,user
489,andreev489@mail.ru,Тарас,Юрьевич,Андреев,$2b$12$Kbh2MJU6rEw/6UOzq7as3OKLbLZGsiOHnfw5heDzmbDSbK2qirR3m,user
490,bashkirova490@mail.ru,Валерия,Геннадьевна,Башкирова,$2b$12$Kbh2MJU6rEw/6UOzq7as3OKLbLZGsiOHnfw5heDzmbDSbK2qirR3m,user
491,zimin491@mail.ru,Павел,Григорьевич,Зимин,$2b$12$Kbh2MJU6rEw/6UOzq7as3OKLbLZGsiOHnfw5heDzmbDSbK2qirR3m,user
492,terekhova492@mail.ru,Диана,Дмитриевна,Терехова,$2b$12$Kbh2MJU6rEw/6UOzq7as3OKLbLZGsiOHnfw5heDzmbDSbK2qirR3m,user
493,vorobyov493@mail.ru,Владимир,Филиппович,Воробьёв,$2b$12$Kbh2MJU6rEw/6UOzq7as3OKLbLZGsiOHnfw5heDzmbDSbK2qirR3m,user
494,nikitin494@mail.ru,Фёдор,Анатольевич,Никитин,$2b$12$Kbh2MJU6rEw/6UOzq7as3OKLbLZGsiOHnfw5heDzmbDSbK2qirR3m,user
495,kondrateva495@mail.ru,Диана,Петровна,Кондратьева,$2b$12$Kbh2MJU6rEw/6UOzq7as3OKLbLZGsiOHnfw5heDzmbDSbK2qirR3m,user
496,voronin496@mail.ru,Фёдор,Никитич,Воронин,$2b$12$Kbh2MJU6rEw/6UOzq7as3OKLbLZGsiOHnfw5heDzmbDSbK2qirR3m,user
497,nikiforova497@mail.ru,Жанна,Михайловна,Никифорова,$2b$12$Kbh2MJU6rEw/6UOzq7as3OKLbLZGsiOHnfw5heDzmbDSbK2qirR3m,user
498,bashkirov498@mail.ru,Роман,Фёдорович,Башкиров,$2b$12$Kbh2MJU6rEw/6UOzq7as3OKLbLZGsiOHnfw5heDzmbDSbK2qirR3m,user
499,morozov499@mail.ru,Фёдор,Игоревич,Морозов,$2b$12$Kbh2MJU6rEw/6UOzq7as3OKLbLZGsiOHnfw5heDzmbDSbK2qirR3m,user
500,serova500@mail.ru,Ксения,Платоновна,Серова,$2b$12$Kbh2MJU6rEw/6UOzq7as3OKLbLZGsiOHnfw5heDzmbDSbK2qirR3m,user
501,golubeva501@mail.ru,Алина,Викторовна,Голубева,$2b$12$Kbh2MJU6rEw/6UOzq7as3OKLbLZGsiOHnfw5heDzmbDSbK2qirR3m,user
502,sidorov502@mail.ru,Ярослав,Сергеевич,Сидоров,$2b$12$Kbh2MJU6rEw/6UOzq7as3OKLbLZGsiOHnfw5heDzmbDSbK2qirR3m,user
503,saveleva503@mail.ru,Людмила,Николаевна,Савельева,$2b$12$Kbh2MJU6rEw/6UOzq7as3OKLbLZGsiOHnfw5heDzmbDSbK2qirR3m,user
504,frolova504@mail.ru,Нелли,Николаевна,Фролова,$2b$12$Kbh2MJU6rEw/6UOzq7as3OKLbLZGsiOHnfw5heDzmbDSbK2qirR3m,user
505,krylova505@mail.ru,Дарья,Михайловна,Крылова,$2b$12$Kbh2MJU6rEw/6UOzq7as3OKLbLZGsiOHnfw5heDzmbDSbK2qirR3m,user
506,aksenova506@mail.ru,Людмила,Алексеевна,Аксенова,$2b$12$Kbh2MJU6rEw/6UOzq7as3OKLbLZGsiOHnfw5heDzmbDSbK2qirR3m,user
507,kozlov507@mail.ru,Роман,Константинович,Козлов,$2b$12$Kbh2MJU6rEw/6UOzq7as3OKLbLZGsiOHnfw5heDzmbDSbK2qirR3m,user
508,morozov508@mail.ru,Максим,Леонидович,Морозов,$2b$12$Kbh2MJU6rEw/6UOzq7as3OKLbLZGsiOHnfw5heDzmbDSbK2qirR3m,user
509,frolov509@mail.ru,Глеб,Романович,Фролов,$2b$12$Kbh2MJU6rEw/6UOzq7as3OKLbLZGsiOHnfw5heDzmbDSbK2qirR3m,user
510,aksenova510@mail.ru,Вероника,Александровна,Аксенова,$2b$12$Kbh2MJU6rEw/6UOzq7as3OKLbLZGsiOHnfw5heDzmbDSbK2qirR3m,user
511,matveev511@mail.ru,Всеволод,Борисович,Матвеев,$2b$12$Kbh2MJU6rEw/6UOzq7as3OKLbLZGsiOHnfw5heDzmbDSbK2qirR3m,user
512,grigorev512@mail.ru,Арсений,Викторович,Григорьев,$2b$12$Kbh2MJU6rEw/6UOzq7as3OKLbLZGsiOHnfw5heDzmbDSbK2qirR3m,user
513,egorov513@mail.ru,Владимир,Петрович,Егоров,$2b$12$Kbh2MJU6rEw/6UOzq7as3OKLbLZGsiOHnfw5heDzmbDSbK2qirR3m,user
514,nikitina514@mail.ru,Карина,Константиновна,Никитина,$2b$12$Kbh2MJU6rEw/6UOzq7as3OKLbLZGsiOHnfw5heDzmbDSbK2qirR3m,user
515,lebedev515@mail.ru,Игорь,Никитич,Лебедев,$2b$12$Kbh2MJU6rEw/6UOzq7as3OKLbLZGsiOHnfw5heDzmbDSbK2qirR3m,user
516,savelev516@mail.ru,Вадим,Константинович,Савельев,$2b$12$Kbh2MJU6rEw/6UOzq7as3OKLbLZGsiOHnfw5heDzmbDSbK2qirR3m,user
517,belkina517@mail.ru,Лариса,Олеговна,Белкина,$2b$12$Kbh2MJU6rEw/6UOzq7as3OKLbLZGsiOHnfw5heDzmbDSbK2qirR3m,user
518,kozlov518@mail.ru,Василий,Викторович,Козлов,$2b$12$Kbh2MJU6rEw/6UOzq7as3OKLbLZGsiOHnfw5heDzmbDSbK2qirR3m,user
519,filatova519@mail.ru,Юлия,Егоровна,Филатова,$2b$12$Kbh2MJU6rEw/6UOzq7as3OKLbLZGsiOHnfw5heDzmbDSbK2qirR3m,user
520,filippova520@mail.ru,Инга,Ильинична,Филиппова,$2b$12$Kbh2MJU6rEw/6UOzq7as3OKLbLZGsiOHnfw5heDzmbDSbK2qirR3m,user
521,kozlova521@mail.ru,Анна,Романовна,Козлова,$2b$12$Kbh2MJU6rEw/6UOzq7as3OKLbLZGsiOHnfw5heDzmbDSbK2qirR3m,user
522,stepanova522@mail.ru,Валерия,Фёдоровна,Степанова,$2b$12$Kbh2MJU6rEw/6UOzq7as3OKLbLZGsiOHnfw5heDzmbDSbK2qirR3m,user
523,melnikova523@mail.ru,Яна,Петровна,Мельникова,$2b$12$Kbh2MJU6rEw/6UOzq7as3OKLbLZGsiOHnfw5heDzmbDSbK2qirR3m,user
524,safonov524@mail.ru,Владимир,Юрьевич,Сафонов,$2b$12$Kbh2MJU6rEw/6UOzq7as3OKLbLZGsiOHnfw5heDzmbDSbK2qirR3m,user
525,titov525@mail.ru,Владимир,Геннадьевич,Титов,$2b$12$Kbh2MJU6rEw/6UOzq7as3OKLbLZGsiOHnfw5heDzmbDSbK2qirR3m,user
526,zhukova526@mail.ru,Лариса,Максимовна,Жукова,$2b$12$Kbh2MJU6rEw/6UOzq7as3OKLbLZGsiOHnfw5heDzmbDSbK2qirR3m,user
527,frolov527@mail.ru,Даниил,Егорович,Фролов,$2b$12$Kbh2MJU6rEw/6UOzq7as3OKLbLZGsiOHnfw5heDzmbDSbK2qirR3m,user
528,korolyova528@mail.ru,Лилия,Родионовна,Королёва,$2b$12$Kbh2MJU6rEw/6UOzq7as3OKLbLZGsiOHnfw5heDzmbDSbK2qirR3m,user
529,osipov529@mail.ru,Никита,Борисович,Осипов,$2b$12$Kbh2MJU6rEw/6UOzq7as3OKLbLZGsiOHnfw5heDzmbDSbK2qirR3m,user
530,ivanov530@mail.ru,Артём,Дмитриевич,Иванов,$2b$12$Kbh2MJU6rEw/6UOzq7as3OKLbLZGsiOHnfw5heDzmbDSbK2qirR3m,user
531,tarasov531@mail.ru,Павел,Платонович,Тарасов,$2b$12$Kbh2MJU6rEw/6UOzq7as3OKLbLZGsiOHnfw5heDzmbDSbK2qirR3m,user
532,fadeev532@mail.ru,Платон,Никитич,Фадеев,$2b$12$Kbh2MJU6rEw/6UOzq7as3OKLbLZGsiOHnfw5heDzmbDSbK2qirR3m,user
533,afanaseva533@mail.ru,Юлия,Романовна,Афанасьева,$2b$12$Kbh2MJU6rEw/6UOzq7as3OKLbLZGsiOHnfw5heDzmbDSbK2qirR3m,user
534,zimina534@mail.ru,Марина,Алексеевна,Зимина,$2b$12$Kbh2MJU6rEw/6UOzq7as3OKLbLZGsiOHnfw5heDzmbDSbK2qirR3m,user
535,lobanova535@mail.ru,Лариса,Семёновна,Лобанова,$2b$12$Kbh2MJU6rEw/6UOzq7as3OKLbLZGsiOHnfw5heDzmbDSbK2qirR3m,user
536,solovyov536@mail.ru,Виктор,Никитич,Соловьёв,$2b$12$Kbh2MJU6rEw/6UOzq7as3OKLbLZGsiOHnfw5heDzmbDSbK2qirR3m,user
537,mironov537@mail.ru,Вадим,Павлович,Миронов,$2b$12$Kbh2MJU6rEw/6UOzq7as3OKLbLZGsiOHnfw5heDzmbDSbK2qirR3m,user
538,zaytseva538@mail.ru,Людмила,Александровна,Зайцева,$2b$12$Kbh2MJU6rEw/6UOzq7as3OKLbLZGsiOHnfw5heDzmbDSbK2qirR3m,user
539,tarasova539@mail.ru,Таисия,Михайловна,Тарасова,$2b$12$Kbh2MJU6rEw/6UOzq7as3OKLbLZGsiOHnfw5heDzmbDSbK2qirR3m,user
540,vorobyov540@mail.ru,Глеб,Григорьевич,Воробьёв,$2b$12$Kbh2MJU6rEw/6UOzq7as3OKLbLZGsiOHnfw5heDzmbDSbK2qirR3m,user
541,stepanov541@mail.ru,Борис,Семёнович,Степанов,$2b$12$Kbh2MJU6rEw/6UOzq7as3OKLbLZGsiOHnfw5heDzmbDSbK2qirR3m,user
542,egorov542@mail.ru,Пётр,Дмитриевич,Егоров,$2b$12$Kbh2MJU6rEw/6UOzq7as3OKLbLZGsiOHnfw5heDzmbDSbK2qirR3m,user
543,vasilev543@mail.ru,Андрей,Юрьевич,Васильев,$2b$12$Kbh2MJU6rEw/6UOzq7as3OKLbLZGsiOHnfw5heDzmbDSbK2qirR3m,user
544,nikiforova544@mail.ru,Вероника,Аркадьевна,Никифорова,$2b$12$Kbh2MJU6rEw/6UOzq7as3OKLbLZGsiOHnfw5heDzmbDSbK2qirR3m,user
545,smirnova545@mail.ru,Оксана,Викторовна,Смирнова,$2b$12$Kbh2MJU6rEw/6UOzq7as3OKLbLZGsiOHnfw5heDzmbDSbK2qirR3m,user
546,nikolaeva546@mail.ru,Таисия,Филипповна,Николаева,$2b$12$Kbh2MJU6rEw/6UOzq7as3OKLbLZGsiOHnfw5heDzmbDSbK2qirR3m,user
547,andreev547@mail.ru,Георгий,Борисович,Андреев,$2b$12$Kbh2MJU6rEw/6UOzq7as3OKLbLZGsiOHnfw5heDzmbDSbK2qirR3m,user
548,romanova548@mail.ru,Диана,Григорьевна,Романова,$2b$12$Kbh2MJU6rEw/6UOzq7as3OKLbLZGsiOHnfw5heDzmbDSbK2qirR3m,user
549,voronin549@mail.ru,Даниил,Васильевич,Воронин,$2b$12$Kbh2MJU6rEw/6UOzq7as3OKLbLZGsiOHnfw5heDzmbDSbK2qirR3m,user
550,orlov550@mail.ru,Евгений,Игоревич,Орлов,$2b$12$Kbh2MJU6rEw/6UOzq7as3OKLbLZGsiOHnfw5heDzmbDSbK2qirR3m,user
551,sorokina551@mail.ru,Надежда,Игоревна,Сорокина,$2b$12$Kbh2MJU6rEw/6UOzq7as3OKLbLZGsiOHnfw5heDzmbDSbK2qirR3m,user
552,zaytsev552@mail.ru,Руслан,Леонидович,Зайцев,$2b$12$Kbh2MJU6rEw/6UOzq7as3OKLbLZGsiOHnfw5heDzmbDSbK2qirR3m,user
553,grigorev553@mail.ru,Дмитрий,Иванович,Григорьев,$2b$12$Kbh2MJU6rEw/6UOzq7as3OKLbLZGsiOHnfw5heDzmbDSbK2qirR3m,user
554,maksimov554@mail.ru,Руслан,Юрьевич,Максимов,$2b$12$Kbh2MJU6rEw/6UOzq7as3OKLbLZGsiOHnfw5heDzmbDSbK2qirR3m,user
555,gromova555@mail.ru,Ксения,Яковлевна,Громова,$2b$12$Kbh2MJU6rEw/6UOzq7as3OKLbLZGsiOHnfw5heDzmbDSbK2qirR3m,user
556,nikolaeva556@mail.ru,Любовь,Тарасовна,Николаева,$2b$12$Kbh2MJU6rEw/6UOzq7as3OKLbLZGsiOHnfw5heDzmbDSbK2qirR3m,user
557,lebedev557@mail.ru,Владимир,Станиславович,Лебедев,$2b$12$Kbh2MJU6rEw/6UOzq7as3OKLbLZGsiOHnfw5heDzmbDSbK2qirR3m,user
558,bashkirova558@mail.ru,Раиса,Геннадьевна,Башкирова,$2b$12$Kbh2MJU6rEw/6UOzq7as3OKLbLZGsiOHnfw5heDzmbDSbK2qirR3m,user
559,titov559@mail.ru,Кирилл,Родионович,Титов,$2b$12$Kbh2MJU6rEw/6UOzq7as3OKLbLZGsiOHnfw5heDzmbDSbK2qirR3m,user
560,fyodorov560@mail.ru,Фёдор,Иванович,Фёдоров,$2b$12$Kbh2MJU6rEw/6UOzq7as3OKLbLZGsiOHnfw5heDzmbDSbK2qirR3m,user
561,savelev561@mail.ru,Евгений,Данилович,Савельев,$2b$12$Kbh2MJU6rEw/6UOzq7as3OKLbLZGsiOHnfw5heDzmbDSbK2qirR3m,user
562,novikov562@mail.ru,Юрий,Александрович,Новиков,$2b$12$Kbh2MJU6rEw/6UOzq7as3OKLbLZGsiOHnfw5heDzmbDSbK2qirR3m,user
563,bochkaryova563@mail.ru,Алёна,Андреевна,Бочкарёва,$2b$12$Kbh2MJU6rEw/6UOzq7as3OKLbLZGsiOHnfw5heDzmbDSbK2qirR3m,user
564,sidorov564@mail.ru,Леонид,Геннадьевич,Сидоров,$2b$12$Kbh2MJU6rEw/6UOzq7as3OKLbLZGsiOHnfw5heDzmbDSbK2qirR3m,user
565,vasileva565@mail.ru,Ирина,Алексеевна,Васильева,$2b$12$Kbh2MJU6rEw/6UOzq7as3OKLbLZGsiOHnfw5heDzmbDSbK2qirR3m,user
566,yakovlev566@mail.ru,Андрей,Аркадьевич,Яковлев,$2b$12$Kbh2MJU6rEw/6UOzq7as3OKLbLZGsiOHnfw5heDzmbDSbK2qirR3m,user
567,ershova567@mail.ru,Алёна,Вадимовна,Ершова,$2b$12$Kbh2MJU6rEw/6UOzq7as3OKLbLZGsiOHnfw5heDzmbDSbK2qirR3m,user
568,novikov568@mail.ru,Платон,Иванович,Новиков,$2b$12$Kbh2MJU6rEw/6UOzq7as3OKLbLZGsiOHnfw5heDzmbDSbK2qirR3m,user
569,gusev569@mail.ru,Егор,Данилович,Гусев,$2b$12$Kbh2MJU6rEw/6UOzq7as3OKLbLZGsiOHnfw5heDzmbDSbK2qirR3m,user
570,frolova570@mail.ru,Таисия,Родионовна,Фролова,$2b$12$Kbh2MJU6rEw/6UOzq7as3OKLbLZGsiOHnfw5heDzmbDSbK2qirR3m,user
571,morozova571@mail.ru,Полина,Егоровна,Морозова,$2b$12$Kbh2MJU6rEw/6UOzq7as3OKLbLZGsiOHnfw5heDzmbDSbK2qirR3m,user
572,lavrov572@mail.ru,Игорь,Васильевич,Лавров,$2b$12$Kbh2MJU6rEw/6UOzq7as3OKLbLZGsiOHnfw5heDzmbDSbK2qirR3m,user
573,matveeva573@mail.ru,Яна,Григорьевна,Матвеева,$2b$12$Kbh2MJU6rEw/6UOzq7as3OKLbLZGsiOHnfw5heDzmbDSbK2qirR3m,user
574,sergeeva574@mail.ru,Агата,Егоровна,Сергеева,$2b$12$Kbh2MJU6rEw/6UOzq7as3OKLbLZGsiOHnfw5heDzmbDSbK2qirR3m,user
575,zimina575@mail.ru,Таисия,Даниловна,Зимина,$2b$12$Kbh2MJU6rEw/6UOzq7as3OKLbLZGsiOHnfw5heDzmbDSbK2qirR3m,user
576,fadeeva576@mail.ru,Евдокия,Николаевна,Фадеева,$2b$12$Kbh2MJU6rEw/6UOzq7as3OKLbLZGsiOHnfw5heDzmbDSbK2qirR3m,user
577,ryabova577@mail.ru,Галина,Алексеевна,Рябова,$2b$12$Kbh2MJU6rEw/6UOzq7as3OKLbLZGsiOHnfw5heDzmbDSbK2qirR3m,user
578,chernyshyov578@mail.ru,Филипп,Яковлевич,Чернышёв,$2b$12$Kbh2MJU6rEw/6UOzq7as3OKLbLZGsiOHnfw5heDzmbDSbK2qirR3m,user
579,guseva579@mail.ru,Ольга,Александровна,Гусева,$2b$12$Kbh2MJU6rEw/6UOzq7as3OKLbLZGsiOHnfw5heDzmbDSbK2qirR3m,user
580,morozov580@mail.ru,Вадим,Владимирович,Морозов,$2b$12$Kbh2MJU6rEw/6UOzq7as3OKLbLZGsiOHnfw5heDzmbDSbK2qirR3m,user
581,grigorev581@mail.ru,Артемий,Евгеньевич,Григорьев,$2b$12$Kbh2MJU6rEw/6UOzq7as3OKLbLZGsiOHnfw5heDzmbDSbK2qirR3m,user
582,zaytsev582@mail.ru,Артемий,Тарасович,Зайцев,$2b$12$Kbh2MJU6rEw/6UOzq7as3OKLbLZGsiOHnfw5heDzmbDSbK2qirR3m,user
583,biryukova583@mail.ru,Лилия,Николаевна,Бирюкова,$2b$12$Kbh2MJU6rEw/6UOzq7as3OKLbLZGsiOHnfw5heDzmbDSbK2qirR3m,user
584,komarova584@mail.ru,Нелли,Григорьевна,Комарова,$2b$12$Kbh2MJU6rEw/6UOzq7as3OKLbLZGsiOHnfw5heDzmbDSbK2qirR3m,user
585,kulikova585@mail.ru,Ксения,Дмитриевна,Куликова,$2b$12$Kbh2MJU6rEw/6UOzq7as3OKLbLZGsiOHnfw5heDzmbDSbK2qirR3m,user
586,osipov586@mail.ru,Егор,Семёнович,Осипов,$2b$12$Kbh2MJU6rEw/6UOzq7as3OKLbLZGsiOHnfw5heDzmbDSbK2qirR3m,user
587,filippova587@mail.ru,Милана,Филипповна,Филиппова,$2b$12$Kbh2MJU6rEw/6UOzq7as3OKLbLZGsiOHnfw5heDzmbDSbK2qirR3m,user
588,maksimov588@mail.ru,Филипп,Иванович,Максимов,$2b$12$Kbh2MJU6rEw/6UOzq7as3OKLbLZGsiOHnfw5heDzmbDSbK2qirR3m,user
589,osipov589@mail.ru,Егор,Максимович,Осипов,$2b$12$Kbh2MJU6rEw/6UOzq7as3OKLbLZGsiOHnfw5heDzmbDSbK2qirR3m,user
590,kuznetsov590@mail.ru,Глеб,Аркадьевич,Кузнецов,$2b$12$Kbh2MJU6rEw/6UOzq7as3OKLbLZGsiOHnfw5heDzmbDSbK2qirR3m,user
591,zhdanova591@mail.ru,Екатерина,Аркадьевна,Жданова,$2b$12$Kbh2MJU6rEw/6UOzq7as3OKLbLZGsiOHnfw5heDzmbDSbK2qirR3m,user
592,semyonova592@mail.ru,Ирина,Родионовна,Семёнова,$2b$12$Kbh2MJU6rEw/6UOzq7as3OKLbLZGsiOHnfw5heDzmbDSbK2qirR3m,user
593,krylov593@mail.ru,Вадим,Иванович,Крылов,$2b$12$Kbh2MJU6rEw/6UOzq7as3OKLbLZGsiOHnfw5heDzmbDSbK2qirR3m,user
594,matveeva594@mail.ru,Таисия,Семёновна,Матвеева,$2b$12$Kbh2MJU6rEw/6UOzq7as3OKLbLZGsiOHnfw5heDzmbDSbK2qirR3m,user
595,filatova595@mail.ru,Марина,Станиславовна,Филатова,$2b$12$Kbh2MJU6rEw/6UOzq7as3OKLbLZGsiOHnfw5heDzmbDSbK2qirR3m,user
596,tikhonova596@mail.ru,Алёна,Филипповна,Тихонова,$2b$12$Kbh2MJU6rEw/6UOzq7as3OKLbLZGsiOHnfw5heDzmbDSbK2qirR3m,user
597,fyodorov597@mail.ru,Родион,Константинович,Фёдоров,$2b$12$Kbh2MJU6rEw/6UOzq7as3OKLbLZGsiOHnfw5heDzmbDSbK2qirR3m,user
598,lebedev598@mail.ru,Денис,Филиппович,Лебедев,$2b$12$Kbh2MJU6rEw/6UOzq7as3OKLbLZGsiOHnfw5heDzmbDSbK2qirR3m,user
599,maksimov599@mail.ru,Евгений,Егорович,Максимов,$2b$12$Kbh2MJU6rEw/6UOzq7as3OKLbLZGsiOHnfw5heDzmbDSbK2qirR3m,user
600,nikitin600@mail.ru,Артём,Романович,Никитин,$2b$12$Kbh2MJU6rEw/6UOzq7as3OKLbLZGsiOHnfw5heDzmbDSbK2qirR3m,user
601,frolov601@mail.ru,Андрей,Петрович,Фролов,$2b$12$Kbh2MJU6rEw/6UOzq7as3OKLbLZGsiOHnfw5heDzmbDSbK2qirR3m,user
602,timofeev602@mail.ru,Борис,Родионович,Тимофеев,$2b$12$Kbh2MJU6rEw/6UOzq7as3OKLbLZGsiOHnfw5heDzmbDSbK2qirR3m,user
603,zaytseva603@mail.ru,Карина,Фёдоровна,Зайцева,$2b$12$Kbh2MJU6rEw/6UOzq7as3OKLbLZGsiOHnfw5heDzmbDSbK2qirR3m,user
604,filippov604@mail.ru,Алексей,Борисович,Филиппов,$2b$12$Kbh2MJU6rEw/6UOzq7as3OKLbLZGsiOHnfw5heDzmbDSbK2qirR3m,user
605,popova605@mail.ru,Агата,Игоревна,Попова,$2b$12$Kbh2MJU6rEw/6UOzq7as3OKLbLZGsiOHnfw5heDzmbDSbK2qirR3m,user
606,solovyov606@mail.ru,Анатолий,Леонидович,Соловьёв,$2b$12$Kbh2MJU6rEw/6UOzq7as3OKLbLZGsiOHnfw5heDzmbDSbK2qirR3m,user
607,belov607@mail.ru,Вадим,Петрович,Белов,$2b$12$Kbh2MJU6rEw/6UOzq7as3OKLbLZGsiOHnfw5heDzmbDSbK2qirR3m,user
608,chernyshyov608@mail.ru,Вадим,Станиславович,Чернышёв,$2b$12$Kbh2MJU6rEw/6UOzq7as3OKLbLZGsiOHnfw5heDzmbDSbK2qirR3m,user
609,ivanov609@mail.ru,Геннадий,Романович,Иванов,$2b$12$Kbh2MJU6rEw/6UOzq7as3OKLbLZGsiOHnfw5heDzmbDSbK2qirR3m,user
610,zhukova610@mail.ru,Галина,Даниловна,Жукова,$2b$12$Kbh2MJU6rEw/6UOzq7as3OKLbLZGsiOHnfw5heDzmbDSbK2qirR3m,user
611,voronin611@mail.ru,Вадим,Алексеевич,Воронин,$2b$12$Kbh2MJU6rEw/6UOzq7as3OKLbLZGsiOHnfw5heDzmbDSbK2qirR3m,user
612,osipov612@mail.ru,Антон,Андреевич,Осипов,$2b$12$Kbh2MJU6rEw/6UOzq7as3OKLbLZGsiOHnfw5heDzmbDSbK2qirR3m,user
613,frolov613@mail.ru,Даниил,Леонидович,Фролов,$2b$12$Kbh2MJU6rEw/6UOzq7as3OKLbLZGsiOHnfw5heDzmbDSbK2qirR3m,user
614,afanaseva614@mail.ru,Светлана,Филипповна,Афанасьева,$2b$12$Kbh2MJU6rEw/6UOzq7as3OKLbLZGsiOHnfw5heDzmbDSbK2qirR3m,user
615,shestakova615@mail.ru,Дарья,Игоревна,Шестакова,$2b$12$Kbh2MJU6rEw/6UOzq7as3OKLbLZGsiOHnfw5heDzmbDSbK2qirR3m,user
616,kozlova616@mail.ru,Алёна,Ивановна,Козлова,$2b$12$Kbh2MJU6rEw/6UOzq7as3OKLbLZGsiOHnfw5heDzmbDSbK2qirR3m,user
617,novikov617@mail.ru,Денис,Владимирович,Новиков,$2b$12$Kbh2MJU6rEw/6UOzq7as3OKLbLZGsiOHnfw5heDzmbDSbK2qirR3m,user
618,lavrov618@mail.ru,Олег,Александрович,Лавров,$2b$12$Kbh2MJU6rEw/6UOzq7as3OKLbLZGsiOHnfw5heDzmbDSbK2qirR3m,user
619,volkov619@mail.ru,Степан,Станиславович,Волков,$2b$12$Kbh2MJU6rEw/6UOzq7as3OKLbLZGsiOHnfw5heDzmbDSbK2qirR3m,user
620,mironov620@mail.ru,Артемий,Яковлевич,Миронов,$2b$12$Kbh2MJU6rEw/6UOzq7as3OKLbLZGsiOHnfw5heDzmbDSbK2qirR3m,user
621,bogdanov621@mail.ru,Родион,Аркадьевич,Богданов,$2b$12$Kbh2MJU6rEw/6UOzq7as3OKLbLZGsiOHnfw5heDzmbDSbK2qirR3m,user
622,kulikova622@mail.ru,Раиса,Филипповна,Куликова,$2b$12$Kbh2MJU6rEw/6UOzq7as3OKLbLZGsiOHnfw5heDzmbDSbK2qirR3m,user
623,kulagina623@mail.ru,Карина,Леонидовна,Кулагина,$2b$12$Kbh2MJU6rEw/6UOzq7as3OKLbLZGsiOHnfw5heDzmbDSbK2qirR3m,user
624,pavlov624@mail.ru,Вадим,Геннадьевич,Павлов,$2b$12$Kbh2MJU6rEw/6UOzq7as3OKLbLZGsiOHnfw5heDzmbDSbK2qirR3m,user
625,frolova625@mail.ru,Елена,Вадимовна,Фролова,$2b$12$Kbh2MJU6rEw/6UOzq7as3OKLbLZGsiOHnfw5heDzmbDSbK2qirR3m,user
626,demidova626@mail.ru,Алёна,Андреевна,Демидова,$2b$12$Kbh2MJU6rEw/6UOzq7as3OKLbLZGsiOHnfw5heDzmbDSbK2qirR3m,user
627,baranov627@mail.ru,Пётр,Григорьевич,Баранов,$2b$12$Kbh2MJU6rEw/6UOzq7as3OKLbLZGsiOHnfw5heDzmbDSbK2qirR3m,user
628,tikhonova628@mail.ru,Нина,Платоновна,Тихонова,$2b$12$Kbh2MJU6rEw/6UOzq7as3OKLbLZGsiOHnfw5heDzmbDSbK2qirR3m,user
629,novikova629@mail.ru,Марина,Дмитриевна,Новикова,$2b$12$Kbh2MJU6rEw/6UOzq7as3OKLbLZGsiOHnfw5heDzmbDSbK2qirR3m,user
630,fyodorova630@mail.ru,Людмила,Дмитриевна,Фёдорова,$2b$12$Kbh2MJU6rEw/6UOzq7as3OKLbLZGsiOHnfw5heDzmbDSbK2qirR3m,user
631,semyonov631@mail.ru,Вадим,Викторович,Семёнов,$2b$12$Kbh2MJU6rEw/6UOzq7as3OKLbLZGsiOHnfw5heDzmbDSbK2qirR3m,user
632,nikolaeva632@mail.ru,Вероника,Вадимовна,Николаева,$2b$12$Kbh2MJU6rEw/6UOzq7as3OKLbLZGsiOHnfw5heDzmbDSbK2qirR3m,user
633,kuznetsov633@mail.ru,Тарас,Максимович,Кузнецов,$2b$12$Kbh2MJU6rEw/6UOzq7as3OKLbLZGsiOHnfw5heDzmbDSbK2qirR3m,user
634,bashkirov634@mail.ru,Сергей,Станиславович,Башкиров,$2b$12$Kbh2MJU6rEw/6UOzq7as3OKLbLZGsiOHnfw5heDzmbDSbK2qirR3m,user
635,danilov635@mail.ru,Игнат,Григорьевич,Данилов,$2b$12$Kbh2MJU6rEw/6UOzq7as3OKLbLZGsiOHnfw5heDzmbDSbK2qirR3m,user
636,nikitina636@mail.ru,Олеся,Станиславовна,Никитина,$2b$12$Kbh2MJU6rEw/6UOzq7as3OKLbLZGsiOHnfw5heDzmbDSbK2qirR3m,user
637,krylova637@mail.ru,Инга,Ивановна,Крылова,$2b$12$Kbh2MJU6rEw/6UOzq7as3OKLbLZGsiOHnfw5heDzmbDSbK2qirR3m,user
638,zhukova638@mail.ru,Анна,Даниловна,Жукова,$2b$12$Kbh2MJU6rEw/6UOzq7as3OKLbLZGsiOHnfw5heDzmbDSbK2qirR3m,user
639,popov639@mail.ru,Дмитрий,Геннадьевич,Попов,$2b$12$Kbh2MJU6rEw/6UOzq7as3OKLbLZGsiOHnfw5heDzmbDSbK2qirR3m,user
640,titov640@mail.ru,Тимофей,Анатольевич,Титов,$2b$12$Kbh2MJU6rEw/6UOzq7as3OKLbLZGsiOHnfw5heDzmbDSbK2qirR3m,user
641,maksimov641@mail.ru,Никита,Егорович,Максимов,$2b$12$Kbh2MJU6rEw/6UOzq7as3OKLbLZGsiOHnfw5heDzmbDSbK2qirR3m,user
642,solovyov642@mail.ru,Николай,Филиппович,Соловьёв,$2b$12$Kbh2MJU6rEw/6UOzq7as3OKLbLZGsiOHnfw5heDzmbDSbK2qirR3m,user
643,bogdanov643@mail.ru,Игорь,Игоревич,Богданов,$2b$12$Kbh2MJU6rEw/6UOzq7as3OKLbLZGsiOHnfw5heDzmbDSbK2qirR3m,user
644,maksimov644@mail.ru,Юрий,Евгеньевич,Максимов,$2b$12$Kbh2MJU6rEw/6UOzq7as3OKLbLZGsiOHnfw5heDzmbDSbK2qirR3m,user
645,shubin645@mail.ru,Тарас,Павлович,Шубин,$2b$12$Kbh2MJU6rEw/6UOzq7as3OKLbLZGsiOHnfw5heDzmbDSbK2qirR3m,user
646,timofeev646@mail.ru,Филипп,Данилович,Тимофеев,$2b$12$Kbh2MJU6rEw/6UOzq7as3OKLbLZGsiOHnfw5heDzmbDSbK2qirR3m,user
647,timofeev647@mail.ru,Семён,Николаевич,Тимофеев,$2b$12$Kbh2MJU6rEw/6UOzq7as3OKLbLZGsiOHnfw5heDzmbDSbK2qirR3m,user
648,lavrova648@mail.ru,Жанна,Аркадьевна,Лаврова,$2b$12$Kbh2MJU6rEw/6UOzq7as3OKLbLZGsiOHnfw5heDzmbDSbK2qirR3m,user
649,nikolaeva649@mail.ru,Карина,Егоровна,Николаева,$2b$12$Kbh2MJU6rEw/6UOzq7as3OKLbLZGsiOHnfw5heDzmbDSbK2qirR3m,user
650,plotnikova650@mail.ru,Елена,Тарасовна,Плотникова,$2b$12$Kbh2MJU6rEw/6UOzq7as3OKLbLZGsiOHnfw5heDzmbDSbK2qirR3m,user
651,titova651@mail.ru,Любовь,Тарасовна,Титова,$2b$12$Kbh2MJU6rEw/6UOzq7as3OKLbLZGsiOHnfw5heDzmbDSbK2qirR3m,user
652,pavlov652@mail.ru,Егор,Филиппович,Павлов,$2b$12$Kbh2MJU6rEw/6UOzq7as3OKLbLZGsiOHnfw5heDzmbDSbK2qirR3m,user
653,fyodorov653@mail.ru,Всеволод,Борисович,Фёдоров,$2b$12$Kbh2MJU6rEw/6UOzq7as3OKLbLZGsiOHnfw5heDzmbDSbK2qirR3m,user
654,ryabova654@mail.ru,Таисия,Григорьевна,Рябова,$2b$12$Kbh2MJU6rEw/6UOzq7as3OKLbLZGsiOHnfw5heDzmbDSbK2qirR3m,user
655,petrov655@mail.ru,Леонид,Павлович,Петров,$2b$12$Kbh2MJU6rEw/6UOzq7as3OKLbLZGsiOHnfw5heDzmbDSbK2qirR3m,user
656,safonov656@mail.ru,Дмитрий,Максимович,Сафонов,$2b$12$Kbh2MJU6rEw/6UOzq7as3OKLbLZGsiOHnfw5heDzmbDSbK2qirR3m,user
657,chernova657@mail.ru,Инга,Алексеевна,Чернова,$2b$12$Kbh2MJU6rEw/6UOzq7as3OKLbLZGsiOHnfw5heDzmbDSbK2qirR3m,user
658,kiselyova658@mail.ru,Наталья,Егоровна,Киселёва,$2b$12$Kbh2MJU6rEw/6UOzq7as3OKLbLZGsiOHnfw5heDzmbDSbK2qirR3m,user
659,terekhova659@mail.ru,Надежда,Борисовна,Терехова,$2b$12$Kbh2MJU6rEw/6UOzq7as3OKLbLZGsiOHnfw5heDzmbDSbK2qirR3m,user
660,filippova660@mail.ru,Вероника,Евгеньевна,Филиппова,$2b$12$Kbh2MJU6rEw/6UOzq7as3OKLbLZGsiOHnfw5heDzmbDSbK2qirR3m,user
661,gromova661@mail.ru,Вера,Павловна,Громова,$2b$12$Kbh2MJU6rEw/6UOzq7as3OKLbLZGsiOHnfw5heDzmbDSbK2qirR3m,user
662,borisov662@mail.ru,Вячеслав,Иванович,Борисов,$2b$12$Kbh2MJU6rEw/6UOzq7as3OKLbLZGsiOHnfw5heDzmbDSbK2qirR3m,user
663,sidorov663@mail.ru,Юрий,Константинович,Сидоров,$2b$12$Kbh2MJU6rEw/6UOzq7as3OKLbLZGsiOHnfw5heDzmbDSbK2qirR3m,user
664,vasileva664@mail.ru,Наталья,Максимовна,Васильева,$2b$12$Kbh2MJU6rEw/6UOzq7as3OKLbLZGsiOHnfw5heDzmbDSbK2qirR3m,user
665,vasileva665@mail.ru,Олеся,Романовна,Васильева,$2b$12$Kbh2MJU6rEw/6UOzq7as3OKLbLZGsiOHnfw5heDzmbDSbK2qirR3m,user
666,maksimov666@mail.ru,Ярослав,Геннадьевич,Максимов,$2b$12$Kbh2MJU6rEw/6UOzq7as3OKLbLZGsiOHnfw5heDzmbDSbK2qirR3m,user
667,zimin667@mail.ru,Игнат,Григорьевич,Зимин,$2b$12$Kbh2MJU6rEw/6UOzq7as3OKLbLZGsiOHnfw5heDzmbDSbK2qirR3m,user
668,serova668@mail.ru,Ксения,Владимировна,Серова,$2b$12$Kbh2MJU6rEw/6UOzq7as3OKLbLZGsiOHnfw5heDzmbDSbK2qirR3m,user
669,osipova669@mail.ru,Яна,Сергеевна,Осипова,$2b$12$Kbh2MJU6rEw/6UOzq7as3OKLbLZGsiOHnfw5heDzmbDSbK2qirR3m,user
670,zhukov670@mail.ru,Олег,Григорьевич,Жуков,$2b$12$Kbh2MJU6rEw/6UOzq7as3OKLbLZGsiOHnfw5heDzmbDSbK2qirR3m,user
671,osipov671@mail.ru,Егор,Семёнович,Осипов,$2b$12$Kbh2MJU6rEw/6UOzq7as3OKLbLZGsiOHnfw5heDzmbDSbK2qirR3m,user
672,matveev672@mail.ru,Геннадий,Юрьевич,Матвеев,$2b$12$Kbh2MJU6rEw/6UOzq7as3OKLbLZGsiOHnfw5heDzmbDSbK2qirR3m,user
673,volkov673@mail.ru,Дмитрий,Леонидович,Волков,$2b$12$Kbh2MJU6rEw/6UOzq7as3OKLbLZGsiOHnfw5heDzmbDSbK2qirR3m,user
674,petrov674@mail.ru,Игорь,Вадимович,Петров,$2b$12$Kbh2MJU6rEw/6UOzq7as3OKLbLZGsiOHnfw5heDzmbDSbK2qirR3m,user
675,ermakova675@mail.ru,Виктория,Семёновна,Ермакова,$2b$12$Kbh2MJU6rEw/6UOzq7as3OKLbLZGsiOHnfw5heDzmbDSbK2qirR3m,user
676,smirnova676@mail.ru,Любовь,Родионовна,Смирнова,$2b$12$Kbh2MJU6rEw/6UOzq7as3OKLbLZGsiOHnfw5heDzmbDSbK2qirR3m,user
677,mironov677@mail.ru,Аркадий,Анатольевич,Миронов,$2b$12$Kbh2MJU6rEw/6UOzq7as3OKLbLZGsiOHnfw5heDzmbDSbK2qirR3m,user
678,matveev678@mail.ru,Артём,Платонович,Матвеев,$2b$12$Kbh2MJU6rEw/6UOzq7as3OKLbLZGsiOHnfw5heDzmbDSbK2qirR3m,user
679,ivanov679@mail.ru,Филипп,Вадимович,Иванов,$2b$12$Kbh2MJU6rEw/6UOzq7as3OKLbLZGsiOHnfw5heDzmbDSbK2qirR3m,user
680,tikhonova680@mail.ru,Полина,Дмитриевна,Тихонова,$2b$12$Kbh2MJU6rEw/6UOzq7as3OKLbLZGsiOHnfw5heDzmbDSbK2qirR3m,user
681,titov681@mail.ru,Глеб,Борисович,Титов,$2b$12$Kbh2MJU6rEw/6UOzq7as3OKLbLZGsiOHnfw5heDzmbDSbK2qirR3m,user
682,voronin682@mail.ru,Роман,Родионович,Воронин,$2b$12$Kbh2MJU6rEw/6UOzq7as3OKLbLZGsiOHnfw5heDzmbDSbK2qirR3m,user
683,filippov683@mail.ru,Иван,Николаевич,Филиппов,$2b$12$Kbh2MJU6rEw/6UOzq7as3OKLbLZGsiOHnfw5heDzmbDSbK2qirR3m,user
684,maksimov684@mail.ru,Дмитрий,Филиппович,Максимов,$2b$12$Kbh2MJU6rEw/6UOzq7as3OKLbLZGsiOHnfw5heDzmbDSbK2qirR3m,user
685,zimin685@mail.ru,Игорь,Константинович,Зимин,$2b$12$Kbh2MJU6rEw/6UOzq7as3OKLbLZGsiOHnfw5heDzmbDSbK2qirR3m,user
686,terekhova686@mail.ru,Галина,Фёдоровна,Терехова,$2b$12$Kbh2MJU6rEw/6UOzq7as3OKLbLZGsiOHnfw5heDzmbDSbK2qirR3m,user
687,egorova687@mail.ru,Светлана,Максимовна,Егорова,$2b$12$Kbh2MJU6rEw/6UOzq7as3OKLbLZGsiOHnfw5heDzmbDSbK2qirR3m,user
688,matveeva688@mail.ru,Милана,Ильинична,Матвеева,$2b$12$Kbh2MJU6rEw/6UOzq7as3OKLbLZGsiOHnfw5heDzmbDSbK2qirR3m,user
689,pavlov689@mail.ru,Геннадий,Викторович,Павлов,$2b$12$Kbh2MJU6rEw/6UOzq7as3OKLbLZGsiOHnfw5heDzmbDSbK2qirR3m,user
690,lobanova690@mail.ru,Лилия,Петровна,Лобанова,$2b$12$Kbh2MJU6rEw/6UOzq7as3OKLbLZGsiOHnfw5heDzmbDSbK2qirR3m,user
691,davydov691@mail.ru,Николай,Петрович,Давыдов,$2b$12$Kbh2MJU6rEw/6UOzq7as3OKLbLZGsiOHnfw5heDzmbDSbK2qirR3m,user
692,timofeev692@mail.ru,Борис,Семёнович,Тимофеев,$2b$12$Kbh2MJU6rEw/6UOzq7as3OKLbLZGsiOHnfw5heDzmbDSbK2qirR3m,user
693,voronin693@mail.ru,Кирилл,Станиславович,Воронин,$2b$12$Kbh2MJU6rEw/6UOzq7as3OKLbLZGsiOHnfw5heDzmbDSbK2qirR3m,user
694,lebedeva694@mail.ru,Наталья,Ивановна,Лебедева,$2b$12$Kbh2MJU6rEw/6UOzq7as3OKLbLZGsiOHnfw5heDzmbDSbK2qirR3m,user
695,shubina695@mail.ru,Наталья,Егоровна,Шубина,$2b$12$Kbh2MJU6rEw/6UOzq7as3OKLbLZGsiOHnfw5heDzmbDSbK2qirR3m,user
696,osipov696@mail.ru,Арсений,Юрьевич,Осипов,$2b$12$Kbh2MJU6rEw/6UOzq7as3OKLbLZGsiOHnfw5heDzmbDSbK2qirR3m,user
697,guseva697@mail.ru,Алла,Леонидовна,Гусева,$2b$12$Kbh2MJU6rEw/6UOzq7as3OKLbLZGsiOHnfw5heDzmbDSbK2qirR3m,user
698,stepanova698@mail.ru,Тамара,Николаевна,Степанова,$2b$12$Kbh2MJU6rEw/6UOzq7as3OKLbLZGsiOHnfw5heDzmbDSbK2qirR3m,user
699,ershov699@mail.ru,Василий,Дмитриевич,Ершов,$2b$12$Kbh2MJU6rEw/6UOzq7as3OKLbLZGsiOHnfw5heDzmbDSbK2qirR3m,user
700,voronina700@mail.ru,Мария,Яковлевна,Воронина,$2b$12$Kbh2MJU6rEw/6UOzq7as3OKLbLZGsiOHnfw5heDzmbDSbK2qirR3m,user
701,belyaeva701@mail.ru,Инна,Семёновна,Беляева,$2b$12$Kbh2MJU6rEw/6UOzq7as3OKLbLZGsiOHnfw5heDzmbDSbK2qirR3m,user
702,davydov702@mail.ru,Фёдор,Борисович,Давыдов,$2b$12$Kbh2MJU6rEw/6UOzq7as3OKLbLZGsiOHnfw5heDzmbDSbK2qirR3m,user
703,chernyshyov703@mail.ru,Кирилл,Петрович,Чернышёв,$2b$12$Kbh2MJU6rEw/6UOzq7as3OKLbLZGsiOHnfw5heDzmbDSbK2qirR3m,user
704,golubeva704@mail.ru,Тамара,Семёновна,Голубева,$2b$12$Kbh2MJU6rEw/6UOzq7as3OKLbLZGsiOHnfw5heDzmbDSbK2qirR3m,user
705,nikiforova705@mail.ru,Вера,Станиславовна,Никифорова,$2b$12$Kbh2MJU6rEw/6UOzq7as3OKLbLZGsiOHnfw5heDzmbDSbK2qirR3m,user
706,andreeva706@mail.ru,Татьяна,Даниловна,Андреева,$2b$12$Kbh2MJU6rEw/6UOzq7as3OKLbLZGsiOHnfw5heDzmbDSbK2qirR3m,user
707,mironov707@mail.ru,Даниил,Аркадьевич,Миронов,$2b$12$Kbh2MJU6rEw/6UOzq7as3OKLbLZGsiOHnfw5heDzmbDSbK2qirR3m,user
708,novikov708@mail.ru,Борис,Платонович,Новиков,$2b$12$Kbh2MJU6rEw/6UOzq7as3OKLbLZGsiOHnfw5heDzmbDSbK2qirR3m,user
709,trofimova709@mail.ru,Светлана,Родионовна,Трофимова,$2b$12$Kbh2MJU6rEw/6UOzq7as3OKLbLZGsiOHnfw5heDzmbDSbK2qirR3m,user
710,maksimov710@mail.ru,Глеб,Евгеньевич,Максимов,$2b$12$Kbh2MJU6rEw/6UOzq7as3OKLbLZGsiOHnfw5heDzmbDSbK2qirR3m,user
711,voronin711@mail.ru,Арсений,Сергеевич,Воронин,$2b$12$Kbh2MJU6rEw/6UOzq7as3OKLbLZGsiOHnfw5heDzmbDSbK2qirR3m,user
712,nikitin712@mail.ru,Борис,Павлович,Никитин,$2b$12$Kbh2MJU6rEw/6UOzq7as3OKLbLZGsiOHnfw5heDzmbDSbK2qirR3m,user
713,pavlov713@mail.ru,Тимофей,Владимирович,Павлов,$2b$12$Kbh2MJU6rEw/6UOzq7as3OKLbLZGsiOHnfw5heDzmbDSbK2qirR3m,user
714,osipov714@mail.ru,Геннадий,Дмитриевич,Осипов,$2b$12$Kbh2MJU6rEw/6UOzq7as3OKLbLZGsiOHnfw5heDzmbDSbK2qirR3m,user
715,novikov715@mail.ru,Сергей,Константинович,Новиков,$2b$12$Kbh2MJU6rEw/6UOzq7as3OKLbLZGsiOHnfw5heDzmbDSbK2qirR3m,user
716,mironov716@mail.ru,Алексей,Евгеньевич,Миронов,$2b$12$Kbh2MJU6rEw/6UOzq7as3OKLbLZGsiOHnfw5heDzmbDSbK2qirR3m,user
717,voronin717@mail.ru,Георгий,Вадимович,Воронин,$2b$12$Kbh2MJU6rEw/6UOzq7as3OKLbLZGsiOHnfw5heDzmbDSbK2qirR3m,user
718,grigorev718@mail.ru,Аркадий,Тарасович,Григорьев,$2b$12$Kbh2MJU6rEw/6UOzq7as3OKLbLZGsiOHnfw5heDzmbDSbK2qirR3m,user
719,romanov719@mail.ru,Андрей,Данилович,Романов,$2b$12$Kbh2MJU6rEw/6UOzq7as3OKLbLZGsiOHnfw5heDzmbDSbK2qirR3m,user
720,osipova720@mail.ru,Зоя,Фёдоровна,Осипова,$2b$12$Kbh2MJU6rEw/6UOzq7as3OKLbLZGsiOHnfw5heDzmbDSbK2qirR3m,user
721,borisov721@mail.ru,Кирилл,Николаевич,Борисов,$2b$12$Kbh2MJU6rEw/6UOzq7as3OKLbLZGsiOHnfw5heDzmbDSbK2qirR3m,user
722,goncharova722@mail.ru,Алла,Сергеевна,Гончарова,$2b$12$Kbh2MJU6rEw/6UOzq7as3OKLbLZGsiOHnfw5heDzmbDSbK2qirR3m,user
723,belyaev723@mail.ru,Георгий,Евгеньевич,Беляев,$2b$12$Kbh2MJU6rEw/6UOzq7as3OKLbLZGsiOHnfw5heDzmbDSbK2qirR3m,user
724,mironova724@mail.ru,Карина,Никитична,Миронова,$2b$12$Kbh2MJU6rEw/6UOzq7as3OKLbLZGsiOHnfw5heDzmbDSbK2qirR3m,user
725,golubeva725@mail.ru,Инна,Никитична,Голубева,$2b$12$Kbh2MJU6rEw/6UOzq7as3OKLbLZGsiOHnfw5heDzmbDSbK2qirR3m,user
726,biryukova726@mail.ru,Милана,Михайловна,Бирюкова,$2b$12$Kbh2MJU6rEw/6UOzq7as3OKLbLZGsiOHnfw5heDzmbDSbK2qirR3m,user
727,nikitin727@mail.ru,Василий,Алексеевич,Никитин,$2b$12$Kbh2MJU6rEw/6UOzq7as3OKLbLZGsiOHnfw5heDzmbDSbK2qirR3m,user
728,davydova728@mail.ru,Нелли,Владимировна,Давыдова,$2b$12$Kbh2MJU6rEw/6UOzq7as3OKLbLZGsiOHnfw5heDzmbDSbK2qirR3m,user
729,trofimova729@mail.ru,Вера,Платоновна,Трофимова,$2b$12$Kbh2MJU6rEw/6UOzq7as3OKLbLZGsiOHnfw5heDzmbDSbK2qirR3m,user
730,markova730@mail.ru,Любовь,Васильевна,Маркова,$2b$12$Kbh2MJU6rEw/6UOzq7as3OKLbLZGsiOHnfw5heDzmbDSbK2qirR3m,user
731,bashkirova731@mail.ru,Людмила,Дмитриевна,Башкирова,$2b$12$Kbh2MJU6rEw/6UOzq7as3OKLbLZGsiOHnfw5heDzmbDSbK2qirR3m,user
732,bashkirov732@mail.ru,Иван,Андреевич,Башкиров,$2b$12$Kbh2MJU6rEw/6UOzq7as3OKLbLZGsiOHnfw5heDzmbDSbK2qirR3m,user
733,egorova733@mail.ru,Таисия,Игоревна,Егорова,$2b$12$Kbh2MJU6rEw/6UOzq7as3OKLbLZGsiOHnfw5heDzmbDSbK2qirR3m,user
734,korolyova734@mail.ru,Екатерина,Владимировна,Королёва,$2b$12$Kbh2MJU6rEw/6UOzq7as3OKLbLZGsiOHnfw5heDzmbDSbK2qirR3m,user
735,nikitina735@mail.ru,Ольга,Михайловна,Никитина,$2b$12$Kbh2MJU6rEw/6UOzq7as3OKLbLZGsiOHnfw5heDzmbDSbK2qirR3m,user
736,bashkirova736@mail.ru,Галина,Фёдоровна,Башкирова,$2b$12$Kbh2MJU6rEw/6UOzq7as3OKLbLZGsiOHnfw5heDzmbDSbK2qirR3m,user
737,zhukov737@mail.ru,Родион,Михайлович,Жуков,$2b$12$Kbh2MJU6rEw/6UOzq7as3OKLbLZGsiOHnfw5heDzmbDSbK2qirR3m,user
738,filippova738@mail.ru,Зоя,Станиславовна,Филиппова,$2b$12$Kbh2MJU6rEw/6UOzq7as3OKLbLZGsiOHnfw5heDzmbDSbK2qirR3m,user
739,plotnikova739@mail.ru,Алла,Максимовна,Плотникова,$2b$12$Kbh2MJU6rEw/6UOzq7as3OKLbLZGsiOHnfw5heDzmbDSbK2qirR3m,user
740,zaytsev740@mail.ru,Игнат,Павлович,Зайцев,$2b$12$Kbh2MJU6rEw/6UOzq7as3OKLbLZGsiOHnfw5heDzmbDSbK2qirR3m,user
741,belova741@mail.ru,Вера,Александровна,Белова,$2b$12$Kbh2MJU6rEw/6UOzq7as3OKLbLZGsiOHnfw5heDzmbDSbK2qirR3m,user
742,timofeev742@mail.ru,Даниил,Алексеевич,Тимофеев,$2b$12$Kbh2MJU6rEw/6UOzq7as3OKLbLZGsiOHnfw5heDzmbDSbK2qirR3m,user
743,kozlov743@mail.ru,Игорь,Егорович,Козлов,$2b$12$Kbh2MJU6rEw/6UOzq7as3OKLbLZGsiOHnfw5heDzmbDSbK2qirR3m,user
744,semyonova744@mail.ru,Ольга,Николаевна,Семёнова,$2b$12$Kbh2MJU6rEw/6UOzq7as3OKLbLZGsiOHnfw5heDzmbDSbK2qirR3m,user
745,borisova745@mail.ru,Нелли,Игоревна,Борисова,$2b$12$Kbh2MJU6rEw/6UOzq7as3OKLbLZGsiOHnfw5heDzmbDSbK2qirR3m,user
746,kondratev746@mail.ru,Пётр,Егорович,Кондратьев,$2b$12$Kbh2MJU6rEw/6UOzq7as3OKLbLZGsiOHnfw5heDzmbDSbK2qirR3m,user
747,popova747@mail.ru,Диана,Константиновна,Попова,$2b$12$Kbh2MJU6rEw/6UOzq7as3OKLbLZGsiOHnfw5heDzmbDSbK2qirR3m,user
748,stepanov748@mail.ru,Антон,Васильевич,Степанов,$2b$12$Kbh2MJU6rEw/6UOzq7as3OKLbLZGsiOHnfw5heDzmbDSbK2qirR3m,user
749,tarasov749@mail.ru,Платон,Николаевич,Тарасов,$2b$12$Kbh2MJU6rEw/6UOzq7as3OKLbLZGsiOHnfw5heDzmbDSbK2qirR3m,user
750,chernov750@mail.ru,Аркадий,Вадимович,Чернов,$2b$12$Kbh2MJU6rEw/6UOzq7as3OKLbLZGsiOHnfw5heDzmbDSbK2qirR3m,user
751,gromova751@mail.ru,Юлия,Павловна,Громова,$2b$12$Kbh2MJU6rEw/6UOzq7as3OKLbLZGsiOHnfw5heDzmbDSbK2qirR3m,user
752,pavlov752@mail.ru,Родион,Игоревич,Павлов,$2b$12$Kbh2MJU6rEw/6UOzq7as3OKLbLZGsiOHnfw5heDzmbDSbK2qirR3m,user
753,tarasova753@mail.ru,Нелли,Евгеньевна,Тарасова,$2b$12$Kbh2MJU6rEw/6UOzq7as3OKLbLZGsiOHnfw5heDzmbDSbK2qirR3m,user
754,ershova754@mail.ru,Софья,Петровна,Ершова,$2b$12$Kbh2MJU6rEw/6UOzq7as3OKLbLZGsiOHnfw5heDzmbDSbK2qirR3m,user
755,sergeeva755@mail.ru,Милана,Леонидовна,Сергеева,$2b$12$Kbh2MJU6rEw/6UOzq7as3OKLbLZGsiOHnfw5heDzmbDSbK2qirR3m,user
756,lebedev756@mail.ru,Арсений,Тарасович,Лебедев,$2b$12$Kbh2MJU6rEw/6UOzq7as3OKLbLZGsiOHnfw5heDzmbDSbK2qirR3m,user
757,filatova757@mail.ru,Оксана,Романовна,Филатова,$2b$12$Kbh2MJU6rEw/6UOzq7as3OKLbLZGsiOHnfw5heDzmbDSbK2qirR3m,user
758,maslova758@mail.ru,Полина,Даниловна,Маслова,$2b$12$Kbh2MJU6rEw/6UOzq7as3OKLbLZGsiOHnfw5heDzmbDSbK2qirR3m,user
759,gusev759@mail.ru,Анатолий,Андреевич,Гусев,$2b$12$Kbh2MJU6rEw/6UOzq7as3OKLbLZGsiOHnfw5heDzmbDSbK2qirR3m,user
760,titov760@mail.ru,Фёдор,Иванович,Титов,$2b$12$Kbh2MJU6rEw/6UOzq7as3OKLbLZGsiOHnfw5heDzmbDSbK2qirR3m,user
761,belkina761@mail.ru,Вера,Викторовна,Белкина,$2b$12$Kbh2MJU6rEw/6UOzq7as3OKLbLZGsiOHnfw5heDzmbDSbK2qirR3m,user
762,chernov762@mail.ru,Вадим,Филиппович,Чернов,$2b$12$Kbh2MJU6rEw/6UOzq7as3OKLbLZGsiOHnfw5heDzmbDSbK2qirR3m,user
763,semyonov763@mail.ru,Денис,Игоревич,Семёнов,$2b$12$Kbh2MJU6rEw/6UOzq7as3OKLbLZGsiOHnfw5heDzmbDSbK2qirR3m,user
764,kondratev764@mail.ru,Сергей,Филиппович,Кондратьев,$2b$12$Kbh2MJU6rEw/6UOzq7as3OKLbLZGsiOHnfw5heDzmbDSbK2qirR3m,user
765,korolyova765@mail.ru,Агата,Сергеевна,Королёва,$2b$12$Kbh2MJU6rEw/6UOzq7as3OKLbLZGsiOHnfw5heDzmbDSbK2qirR3m,user
766,savelev766@mail.ru,Сергей,Олегович,Савельев,$2b$12$Kbh2MJU6rEw/6UOzq7as3OKLbLZGsiOHnfw5heDzmbDSbK2qirR3m,user
767,danilov767@mail.ru,Вадим,Семёнович,Данилов,$2b$12$Kbh2MJU6rEw/6UOzq7as3OKLbLZGsiOHnfw5heDzmbDSbK2qirR3m,user
768,grigoreva768@mail.ru,Агата,Леонидовна,Григорьева,$2b$12$Kbh2MJU6rEw/6UOzq7as3OKLbLZGsiOHnfw5heDzmbDSbK2qirR3m,user
769,polyakova769@mail.ru,Дарья,Алексеевна,Полякова,$2b$12$Kbh2MJU6rEw/6UOzq7as3OKLbLZGsiOHnfw5heDzmbDSbK2qirR3m,user
770,kuznetsov770@mail.ru,Артём,Николаевич,Кузнецов,$2b$12$Kbh2MJU6rEw/6UOzq7as3OKLbLZGsiOHnfw5heDzmbDSbK2qirR3m,user
771,filippova771@mail.ru,Жанна,Геннадьевна,Филиппова,$2b$12$Kbh2MJU6rEw/6UOzq7as3OKLbLZGsiOHnfw5heDzmbDSbK2qirR3m,user
772,stepanov772@mail.ru,Владимир,Петрович,Степанов,$2b$12$Kbh2MJU6rEw/6UOzq7as3OKLbLZGsiOHnfw5heDzmbDSbK2qirR3m,user
773,egorova773@mail.ru,Марина,Вадимовна,Егорова,$2b$12$Kbh2MJU6rEw/6UOzq7as3OKLbLZGsiOHnfw5heDzmbDSbK2qirR3m,user
774,filippov774@mail.ru,Степан,Тарасович,Филиппов,$2b$12$Kbh2MJU6rEw/6UOzq7as3OKLbLZGsiOHnfw5heDzmbDSbK2qirR3m,user
775,tarasova775@mail.ru,Эльвира,Михайловна,Тарасова,$2b$12$Kbh2MJU6rEw/6UOzq7as3OKLbLZGsiOHnfw5heDzmbDSbK2qirR3m,user
776,sergeeva776@mail.ru,Зоя,Вадимовна,Сергеева,$2b$12$Kbh2MJU6rEw/6UOzq7as3OKLbLZGsiOHnfw5heDzmbDSbK2qirR3m,user
777,nikolaeva777@mail.ru,Екатерина,Тарасовна,Николаева,$2b$12$Kbh2MJU6rEw/6UOzq7as3OKLbLZGsiOHnfw5heDzmbDSbK2qirR3m,user
778,shubin778@mail.ru,Дмитрий,Александрович,Шубин,$2b$12$Kbh2MJU6rEw/6UOzq7as3OKLbLZGsiOHnfw5heDzmbDSbK2qirR3m,user
779,egorova779@mail.ru,Татьяна,Ильинична,Егорова,$2b$12$Kbh2MJU6rEw/6UOzq7as3OKLbLZGsiOHnfw5heDzmbDSbK2qirR3m,user
780,timofeev780@mail.ru,Григорий,Данилович,Тимофеев,$2b$12$Kbh2MJU6rEw/6UOzq7as3OKLbLZGsiOHnfw5heDzmbDSbK2qirR3m,user
781,zimina781@mail.ru,Елена,Григорьевна,Зимина,$2b$12$Kbh2MJU6rEw/6UOzq7as3OKLbLZGsiOHnfw5heDzmbDSbK2qirR3m,user
782,bashkirova782@mail.ru,Карина,Вадимовна,Башкирова,$2b$12$Kbh2MJU6rEw/6UOzq7as3OKLbLZGsiOHnfw5heDzmbDSbK2qirR3m,user
783,zaytseva783@mail.ru,Наталья,Олеговна,Зайцева,$2b$12$Kbh2MJU6rEw/6UOzq7as3OKLbLZGsiOHnfw5heDzmbDSbK2qirR3m,user
784,sidorov784@mail.ru,Филипп,Евгеньевич,Сидоров,$2b$12$Kbh2MJU6rEw/6UOzq7as3OKLbLZGsiOHnfw5heDzmbDSbK2qirR3m,user
785,bogdanova785@mail.ru,Виктория,Игоревна,Богданова,$2b$12$Kbh2MJU6rEw/6UOzq7as3OKLbLZGsiOHnfw5heDzmbDSbK2qirR3m,user
786,krylov786@mail.ru,Антон,Никитич,Крылов,$2b$12$Kbh2MJU6rEw/6UOzq7as3OKLbLZGsiOHnfw5heDzmbDSbK2qirR3m,user
787,shestakova787@mail.ru,Полина,Николаевна,Шестакова,$2b$12$Kbh2MJU6rEw/6UOzq7as3OKLbLZGsiOHnfw5heDzmbDSbK2qirR3m,user
788,chernyshyov788@mail.ru,Тимофей,Филиппович,Чернышёв,$2b$12$Kbh2MJU6rEw/6UOzq7as3OKLbLZGsiOHnfw5heDzmbDSbK2qirR3m,user
789,vasilev789@mail.ru,Арсений,Игоревич,Васильев,$2b$12$Kbh2MJU6rEw/6UOzq7as3OKLbLZGsiOHnfw5heDzmbDSbK2qirR3m,user
790,tikhonova790@mail.ru,Алла,Олеговна,Тихонова,$2b$12$Kbh2MJU6rEw/6UOzq7as3OKLbLZGsiOHnfw5heDzmbDSbK2qirR3m,user
791,krylova791@mail.ru,Ольга,Никитична,Крылова,$2b$12$Kbh2MJU6rEw/6UOzq7as3OKLbLZGsiOHnfw5heDzmbDSbK2qirR3m,user
792,baranova792@mail.ru,Вероника,Леонидовна,Баранова,$2b$12$Kbh2MJU6rEw/6UOzq7as3OKLbLZGsiOHnfw5heDzmbDSbK2qirR3m,user
793,titov793@mail.ru,Игорь,Фёдорович,Титов,$2b$12$Kbh2MJU6rEw/6UOzq7as3OKLbLZGsiOHnfw5heDzmbDSbK2qirR3m,user
794,zaytseva794@mail.ru,Светлана,Михайловна,Зайцева,$2b$12$Kbh2MJU6rEw/6UOzq7as3OKLbLZGsiOHnfw5heDzmbDSbK2qirR3m,user
795,vasileva795@mail.ru,Эльвира,Олеговна,Васильева,$2b$12$Kbh2MJU6rEw/6UOzq7as3OKLbLZGsiOHnfw5heDzmbDSbK2qirR3m,user
796,davydov796@mail.ru,Игнат,Дмитриевич,Давыдов,$2b$12$Kbh2MJU6rEw/6UOzq7as3OKLbLZGsiOHnfw5heDzmbDSbK2qirR3m,user
797,lobanova797@mail.ru,Юлия,Ивановна,Лобанова,$2b$12$Kbh2MJU6rEw/6UOzq7as3OKLbLZGsiOHnfw5heDzmbDSbK2qirR3m,user
798,filatova798@mail.ru,Екатерина,Евгеньевна,Филатова,$2b$12$Kbh2MJU6rEw/6UOzq7as3OKLbLZGsiOHnfw5heDzmbDSbK2qirR3m,user
799,novikov799@mail.ru,Арсений,Тарасович,Новиков,$2b$12$Kbh2MJU6rEw/6UOzq7as3OKLbLZGsiOHnfw5heDzmbDSbK2qirR3m,user
800,tarasova800@mail.ru,Тамара,Евгеньевна,Тарасова,$2b$12$Kbh2MJU6rEw/6UOzq7as3OKLbLZGsiOHnfw5heDzmbDSbK2qirR3m,user
801,yakovlev801@mail.ru,Станислав,Петрович,Яковлев,$2b$12$Kbh2MJU6rEw/6UOzq7as3OKLbLZGsiOHnfw5heDzmbDSbK2qirR3m,user
802,frolova802@mail.ru,Эльвира,Романовна,Фролова,$2b$12$Kbh2MJU6rEw/6UOzq7as3OKLbLZGsiOHnfw5heDzmbDSbK2qirR3m,user
803,safonova803@mail.ru,Любовь,Вадимовна,Сафонова,$2b$12$Kbh2MJU6rEw/6UOzq7as3OKLbLZGsiOHnfw5heDzmbDSbK2qirR3m,user
804,tarasenko804@mail.ru,Алла,Дмитриевна,Тарасенко,$2b$12$Kbh2MJU6rEw/6UOzq7as3OKLbLZGsiOHnfw5heDzmbDSbK2qirR3m,user
805,sorokina805@mail.ru,Елизавета,Сергеевна,Сорокина,$2b$12$Kbh2MJU6rEw/6UOzq7as3OKLbLZGsiOHnfw5heDzmbDSbK2qirR3m,user
806,davydov806@mail.ru,Николай,Вадимович,Давыдов,$2b$12$Kbh2MJU6rEw/6UOzq7as3OKLbLZGsiOHnfw5heDzmbDSbK2qirR3m,user
807,semyonova807@mail.ru,Анна,Никитична,Семёнова,$2b$12$Kbh2MJU6rEw/6UOzq7as3OKLbLZGsiOHnfw5heDzmbDSbK2qirR3m,user
808,ivanov808@mail.ru,Вадим,Фёдорович,Иванов,$2b$12$Kbh2MJU6rEw/6UOzq7as3OKLbLZGsiOHnfw5heDzmbDSbK2qirR3m,user
809,romanov809@mail.ru,Даниил,Фёдорович,Романов,$2b$12$Kbh2MJU6rEw/6UOzq7as3OKLbLZGsiOHnfw5heDzmbDSbK2qirR3m,user
810,krylova810@mail.ru,Тамара,Платоновна,Крылова,$2b$12$Kbh2MJU6rEw/6UOzq7as3OKLbLZGsiOHnfw5heDzmbDSbK2qirR3m,user
811,tikhonova811@mail.ru,Вера,Геннадьевна,Тихонова,$2b$12$Kbh2MJU6rEw/6UOzq7as3OKLbLZGsiOHnfw5heDzmbDSbK2qirR3m,user
812,grigoreva812@mail.ru,Елена,Евгеньевна,Григорьева,$2b$12$Kbh2MJU6rEw/6UOzq7as3OKLbLZGsiOHnfw5heDzmbDSbK2qirR3m,user
813,trofimova813@mail.ru,Вера,Николаевна,Трофимова,$2b$12$Kbh2MJU6rEw/6UOzq7as3OKLbLZGsiOHnfw5heDzmbDSbK2qirR3m,user
814,biryukova814@mail.ru,Тамара,Фёдоровна,Бирюкова,$2b$12$Kbh2MJU6rEw/6UOzq7as3OKLbLZGsiOHnfw5heDzmbDSbK2qirR3m,user
815,bogdanov815@mail.ru,Станислав,Романович,Богданов,$2b$12$Kbh2MJU6rEw/6UOzq7as3OKLbLZGsiOHnfw5heDzmbDSbK2qirR3m,user
816,mironov816@mail.ru,Арсений,Олегович,Миронов,$2b$12$Kbh2MJU6rEw/6UOzq7as3OKLbLZGsiOHnfw5heDzmbDSbK2qirR3m,user
817,korolyova817@mail.ru,Людмила,Сергеевна,Королёва,$2b$12$Kbh2MJU6rEw/6UOzq7as3OKLbLZGsiOHnfw5heDzmbDSbK2qirR3m,user
818,semyonova818@mail.ru,Алёна,Леонидовна,Семёнова,$2b$12$Kbh2MJU6rEw/6UOzq7as3OKLbLZGsiOHnfw5heDzmbDSbK2qirR3m,user
819,demidova819@mail.ru,Юлия,Викторовна,Демидова,$2b$12$Kbh2MJU6rEw/6UOzq7as3OKLbLZGsiOHnfw5heDzmbDSbK2qirR3m,user
820,zhukova820@mail.ru,Анна,Геннадьевна,Жукова,$2b$12$Kbh2MJU6rEw/6UOzq7as3OKLbLZGsiOHnfw5heDzmbDSbK2qirR3m,user
821,chernyshyov821@mail.ru,Игорь,Андреевич,Чернышёв,$2b$12$Kbh2MJU6rEw/6UOzq7as3OKLbLZGsiOHnfw5heDzmbDSbK2qirR3m,user
822,egorov822@mail.ru,Вадим,Сергеевич,Егоров,$2b$12$Kbh2MJU6rEw/6UOzq7as3OKLbLZGsiOHnfw5heDzmbDSbK2qirR3m,user
823,kuznetsov823@mail.ru,Пётр,Дмитриевич,Кузнецов,$2b$12$Kbh2MJU6rEw/6UOzq7as3OKLbLZGsiOHnfw5heDzmbDSbK2qirR3m,user
824,belyaev824@mail.ru,Григорий,Геннадьевич,Беляев,$2b$12$Kbh2MJU6rEw/6UOzq7as3OKLbLZGsiOHnfw5heDzmbDSbK2qirR3m,user
825,tarasov825@mail.ru,Филипп,Андреевич,Тарасов,$2b$12$Kbh2MJU6rEw/6UOzq7as3OKLbLZGsiOHnfw5heDzmbDSbK2qirR3m,user
826,novikova826@mail.ru,Лариса,Платоновна,Новикова,$2b$12$Kbh2MJU6rEw/6UOzq7as3OKLbLZGsiOHnfw5heDzmbDSbK2qirR3m,user
827,orlov827@mail.ru,Вячеслав,Константинович,Орлов,$2b$12$Kbh2MJU6rEw/6UOzq7as3OKLbLZGsiOHnfw5heDzmbDSbK2qirR3m,user
828,markova828@mail.ru,Марина,Тарасовна,Маркова,$2b$12$Kbh2MJU6rEw/6UOzq7as3OKLbLZGsiOHnfw5heDzmbDSbK2qirR3m,user
829,zimin829@mail.ru,Сергей,Григорьевич,Зимин,$2b$12$Kbh2MJU6rEw/6UOzq7as3OKLbLZGsiOHnfw5heDzmbDSbK2qirR3m,user
830,titova830@mail.ru,Диана,Родионовна,Титова,$2b$12$Kbh2MJU6rEw/6UOzq7as3OKLbLZGsiOHnfw5heDzmbDSbK2qirR3m,user
831,ershov831@mail.ru,Вадим,Алексеевич,Ершов,$2b$12$Kbh2MJU6rEw/6UOzq7as3OKLbLZGsiOHnfw5heDzmbDSbK2qirR3m,user
832,timofeev832@mail.ru,Степан,Павлович,Тимофеев,$2b$12$Kbh2MJU6rEw/6UOzq7as3OKLbLZGsiOHnfw5heDzmbDSbK2qirR3m,user
833,komarova833@mail.ru,Елена,Тарасовна,Комарова,$2b$12$Kbh2MJU6rEw/6UOzq7as3OKLbLZGsiOHnfw5heDzmbDSbK2qirR3m,user
834,davydova834@mail.ru,Марина,Александровна,Давыдова,$2b$12$Kbh2MJU6rEw/6UOzq7as3OKLbLZGsiOHnfw5heDzmbDSbK2qirR3m,user
835,egorov835@mail.ru,Вадим,Максимович,Егоров,$2b$12$Kbh2MJU6rEw/6UOzq7as3OKLbLZGsiOHnfw5heDzmbDSbK2qirR3m,user
836,egorov836@mail.ru,Алексей,Викторович,Егоров,$2b$12$Kbh2MJU6rEw/6UOzq7as3OKLbLZGsiOHnfw5heDzmbDSbK2qirR3m,user
837,chernov837@mail.ru,Игнат,Игоревич,Чернов,$2b$12$Kbh2MJU6rEw/6UOzq7as3OKLbLZGsiOHnfw5heDzmbDSbK2qirR3m,user
838,tarasov838@mail.ru,Даниил,Ильинич,Тарасов,$2b$12$Kbh2MJU6rEw/6UOzq7as3OKLbLZGsiOHnfw5heDzmbDSbK2qirR3m,user
839,morozov839@mail.ru,Артемий,Юрьевич,Морозов,$2b$12$Kbh2MJU6rEw/6UOzq7as3OKLbLZGsiOHnfw5heDzmbDSbK2qirR3m,user
840,maslova840@mail.ru,Лариса,Вадимовна,Маслова,$2b$12$Kbh2MJU6rEw/6UOzq7as3OKLbLZGsiOHnfw5heDzmbDSbK2qirR3m,user
841,matveev841@mail.ru,Григорий,Михайлович,Матвеев,$2b$12$Kbh2MJU6rEw/6UOzq7as3OKLbLZGsiOHnfw5heDzmbDSbK2qirR3m,user
842,lavrov842@mail.ru,Максим,Олегович,Лавров,$2b$12$Kbh2MJU6rEw/6UOzq7as3OKLbLZGsiOHnfw5heDzmbDSbK2qirR3m,user
843,novikov843@mail.ru,Руслан,Викторович,Новиков,$2b$12$Kbh2MJU6rEw/6UOzq7as3OKLbLZGsiOHnfw5heDzmbDSbK2qirR3m,user
844,fyodorov844@mail.ru,Семён,Семёнович,Фёдоров,$2b$12$Kbh2MJU6rEw/6UOzq7as3OKLbLZGsiOHnfw5heDzmbDSbK2qirR3m,user
845,belyaeva845@mail.ru,Юлия,Борисовна,Беляева,$2b$12$Kbh2MJU6rEw/6UOzq7as3OKLbLZGsiOHnfw5heDzmbDSbK2qirR3m,user
846,zhukova846@mail.ru,Карина,Сергеевна,Жукова,$2b$12$Kbh2MJU6rEw/6UOzq7as3OKLbLZGsiOHnfw5heDzmbDSbK2qirR3m,user
847,voronina847@mail.ru,Агата,Никитична,Воронина,$2b$12$Kbh2MJU6rEw/6UOzq7as3OKLbLZGsiOHnfw5heDzmbDSbK2qirR3m,user
848,loginova848@mail.ru,Ирина,Сергеевна,Логинова,$2b$12$Kbh2MJU6rEw/6UOzq7as3OKLbLZGsiOHnfw5heDzmbDSbK2qirR3m,user
849,petrov849@mail.ru,Станислав,Дмитриевич,Петров,$2b$12$Kbh2MJU6rEw/6UOzq7as3OKLbLZGsiOHnfw5heDzmbDSbK2qirR3m,user
850,belov850@mail.ru,Семён,Никитич,Белов,$2b$12$Kbh2MJU6rEw/6UOzq7as3OKLbLZGsiOHnfw5heDzmbDSbK2qirR3m,user
851,egorov851@mail.ru,Степан,Анатольевич,Егоров,$2b$12$Kbh2MJU6rEw/6UOzq7as3OKLbLZGsiOHnfw5heDzmbDSbK2qirR3m,user
852,pavlova852@mail.ru,Жанна,Андреевна,Павлова,$2b$12$Kbh2MJU6rEw/6UOzq7as3OKLbLZGsiOHnfw5heDzmbDSbK2qirR3m,user
853,zhukov853@mail.ru,Василий,Романович,Жуков,$2b$12$Kbh2MJU6rEw/6UOzq7as3OKLbLZGsiOHnfw5heDzmbDSbK2qirR3m,user
854,plotnikova854@mail.ru,Екатерина,Николаевна,Плотникова,$2b$12$Kbh2MJU6rEw/6UOzq7as3OKLbLZGsiOHnfw5heDzmbDSbK2qirR3m,user
855,vinogradova855@mail.ru,Диана,Тарасовна,Виноградова,$2b$12$Kbh2MJU6rEw/6UOzq7as3OKLbLZGsiOHnfw5heDzmbDSbK2qirR3m,user
856,trofimova856@mail.ru,Оксана,Вадимовна,Трофимова,$2b$12$Kbh2MJU6rEw/6UOzq7as3OKLbLZGsiOHnfw5heDzmbDSbK2qirR3m,user
857,borisov857@mail.ru,Артемий,Данилович,Борисов,$2b$12$Kbh2MJU6rEw/6UOzq7as3OKLbLZGsiOHnfw5heDzmbDSbK2qirR3m,user
858,melnikova858@mail.ru,Екатерина,Владимировна,Мельникова,$2b$12$Kbh2MJU6rEw/6UOzq7as3OKLbLZGsiOHnfw5heDzmbDSbK2qirR3m,user
859,borisov859@mail.ru,Всеволод,Петрович,Борисов,$2b$12$Kbh2MJU6rEw/6UOzq7as3OKLbLZGsiOHnfw5heDzmbDSbK2qirR3m,user
860,filippov860@mail.ru,Андрей,Тарасович,Филиппов,$2b$12$Kbh2MJU6rEw/6UOzq7as3OKLbLZGsiOHnfw5heDzmbDSbK2qirR3m,user
861,danilov861@mail.ru,Антон,Вадимович,Данилов,$2b$12$Kbh2MJU6rEw/6UOzq7as3OKLbLZGsiOHnfw5heDzmbDSbK2qirR3m,user
862,fyodorova862@mail.ru,Ольга,Дмитриевна,Фёдорова,$2b$12$Kbh2MJU6rEw/6UOzq7as3OKLbLZGsiOHnfw5heDzmbDSbK2qirR3m,user
863,pavlov863@mail.ru,Степан,Алексеевич,Павлов,$2b$12$Kbh2MJU6rEw/6UOzq7as3OKLbLZGsiOHnfw5heDzmbDSbK2qirR3m,user
864,lebedev864@mail.ru,Родион,Анатольевич,Лебедев,$2b$12$Kbh2MJU6rEw/6UOzq7as3OKLbLZGsiOHnfw5heDzmbDSbK2qirR3m,user
865,bogdanova865@mail.ru,Елена,Максимовна,Богданова,$2b$12$Kbh2MJU6rEw/6UOzq7as3OKLbLZGsiOHnfw5heDzmbDSbK2qirR3m,user
866,egorova866@mail.ru,Агата,Ивановна,Егорова,$2b$12$Kbh2MJU6rEw/6UOzq7as3OKLbLZGsiOHnfw5heDzmbDSbK2qirR3m,user
867,fyodorova867@mail.ru,Алина,Анатольевна,Фёдорова,$2b$12$Kbh2MJU6rEw/6UOzq7as3OKLbLZGsiOHnfw5heDzmbDSbK2qirR3m,user
868,stepanov868@mail.ru,Геннадий,Павлович,Степанов,$2b$12$Kbh2MJU6rEw/6UOzq7as3OKLbLZGsiOHnfw5heDzmbDSbK2qirR3m,user
869,zhukova869@mail.ru,Вероника,Борисовна,Жукова,$2b$12$Kbh2MJU6rEw/6UOzq7as3OKLbLZGsiOHnfw5heDzmbDSbK2qirR3m,user
870,titov870@mail.ru,Леонид,Платонович,Титов,$2b$12$Kbh2MJU6rEw/6UOzq7as3OKLbLZGsiOHnfw5heDzmbDSbK2qirR3m,user
871,nikolaeva871@mail.ru,Нина,Григорьевна,Николаева,$2b$12$Kbh2MJU6rEw/6UOzq7as3OKLbLZGsiOHnfw5heDzmbDSbK2qirR3m,user
872,biryukova872@mail.ru,Мария,Даниловна,Бирюкова,$2b$12$Kbh2MJU6rEw/6UOzq7as3OKLbLZGsiOHnfw5heDzmbDSbK2qirR3m,user
873,kozlov873@mail.ru,Максим,Дмитриевич,Козлов,$2b$12$Kbh2MJU6rEw/6UOzq7as3OKLbLZGsiOHnfw5heDzmbDSbK2qirR3m,user
874,plotnikova874@mail.ru,Екатерина,Григорьевна,Плотникова,$2b$12$Kbh2MJU6rEw/6UOzq7as3OKLbLZGsiOHnfw5heDzmbDSbK2qirR3m,user
875,zimina875@mail.ru,Инна,Леонидовна,Зимина,$2b$12$Kbh2MJU6rEw/6UOzq7as3OKLbLZGsiOHnfw5heDzmbDSbK2qirR3m,user
876,markova876@mail.ru,Марина,Вадимовна,Маркова,$2b$12$Kbh2MJU6rEw/6UOzq7as3OKLbLZGsiOHnfw5heDzmbDSbK2qirR3m,user
877,savelev877@mail.ru,Семён,Станиславович,Савельев,$2b$12$Kbh2MJU6rEw/6UOzq7as3OKLbLZGsiOHnfw5heDzmbDSbK2qirR3m,user
878,kozlov878@mail.ru,Никита,Станиславович,Козлов,$2b$12$Kbh2MJU6rEw/6UOzq7as3OKLbLZGsiOHnfw5heDzmbDSbK2qirR3m,user
879,belov879@mail.ru,Аркадий,Никитич,Белов,$2b$12$Kbh2MJU6rEw/6UOzq7as3OKLbLZGsiOHnfw5heDzmbDSbK2qirR3m,user
880,bogdanov880@mail.ru,Сергей,Николаевич,Богданов,$2b$12$Kbh2MJU6rEw/6UOzq7as3OKLbLZGsiOHnfw5heDzmbDSbK2qirR3m,user
881,davydov881@mail.ru,Иван,Аркадьевич,Давыдов,$2b$12$Kbh2MJU6rEw/6UOzq7as3OKLbLZGsiOHnfw5heDzmbDSbK2qirR3m,user
882,melnikova882@mail.ru,Светлана,Дмитриевна,Мельникова,$2b$12$Kbh2MJU6rEw/6UOzq7as3OKLbLZGsiOHnfw5heDzmbDSbK2qirR3m,user
883,zimina883@mail.ru,Алла,Даниловна,Зимина,$2b$12$Kbh2MJU6rEw/6UOzq7as3OKLbLZGsiOHnfw5heDzmbDSbK2qirR3m,user
884,belyaev884@mail.ru,Вадим,Родионович,Беляев,$2b$12$Kbh2MJU6rEw/6UOzq7as3OKLbLZGsiOHnfw5heDzmbDSbK2qirR3m,user
885,maksimov885@mail.ru,Даниил,Васильевич,Максимов,$2b$12$Kbh2MJU6rEw/6UOzq7as3OKLbLZGsiOHnfw5heDzmbDSbK2qirR3m,user
886,chernov886@mail.ru,Борис,Васильевич,Чернов,$2b$12$Kbh2MJU6rEw/6UOzq7as3OKLbLZGsiOHnfw5heDzmbDSbK2qirR3m,user
887,stepanov887@mail.ru,Виктор,Родионович,Степанов,$2b$12$Kbh2MJU6rEw/6UOzq7as3OKLbLZGsiOHnfw5heDzmbDSbK2qirR3m,user
888,plotnikov888@mail.ru,Павел,Егорович,Плотников,$2b$12$Kbh2MJU6rEw/6UOzq7as3OKLbLZGsiOHnfw5heDzmbDSbK2qirR3m,user
889,lebedev889@mail.ru,Евгений,Тарасович,Лебедев,$2b$12$Kbh2MJU6rEw/6UOzq7as3OKLbLZGsiOHnfw5heDzmbDSbK2qirR3m,user
890,pavlov890@mail.ru,Юрий,Платонович,Павлов,$2b$12$Kbh2MJU6rEw/6UOzq7as3OKLbLZGsiOHnfw5heDzmbDSbK2qirR3m,user
891,romanov891@mail.ru,Арсений,Яковлевич,Романов,$2b$12$Kbh2MJU6rEw/6UOzq7as3OKLbLZGsiOHnfw5heDzmbDSbK2qirR3m,user
892,danilova892@mail.ru,Евдокия,Анатольевна,Данилова,$2b$12$Kbh2MJU6rEw/6UOzq7as3OKLbLZGsiOHnfw5heDzmbDSbK2qirR3m,user
893,kuznetsova893@mail.ru,Ольга,Александровна,Кузнецова,$2b$12$Kbh2MJU6rEw/6UOzq7as3OKLbLZGsiOHnfw5heDzmbDSbK2qirR3m,user
894,pavlov894@mail.ru,Иван,Константинович,Павлов,$2b$12$Kbh2MJU6rEw/6UOzq7as3OKLbLZGsiOHnfw5heDzmbDSbK2qirR3m,user
895,fadeev895@mail.ru,Леонид,Петрович,Фадеев,$2b$12$Kbh2MJU6rEw/6UOzq7as3OKLbLZGsiOHnfw5heDzmbDSbK2qirR3m,user
896,zaytseva896@mail.ru,Раиса,Владимировна,Зайцева,$2b$12$Kbh2MJU6rEw/6UOzq7as3OKLbLZGsiOHnfw5heDzmbDSbK2qirR3m,user
897,smirnova897@mail.ru,Тамара,Родионовна,Смирнова,$2b$12$Kbh2MJU6rEw/6UOzq7as3OKLbLZGsiOHnfw5heDzmbDSbK2qirR3m,user
898,lobanova898@mail.ru,Елена,Максимовна,Лобанова,$2b$12$Kbh2MJU6rEw/6UOzq7as3OKLbLZGsiOHnfw5heDzmbDSbK2qirR3m,user
899,gusev899@mail.ru,Константин,Васильевич,Гусев,$2b$12$Kbh2MJU6rEw/6UOzq7as3OKLbLZGsiOHnfw5heDzmbDSbK2qirR3m,user
900,yakovleva900@mail.ru,Татьяна,Ильинична,Яковлева,$2b$12$Kbh2MJU6rEw/6UOzq7as3OKLbLZGsiOHnfw5heDzmbDSbK2qirR3m,user
901,baranov901@mail.ru,Антон,Станиславович,Баранов,$2b$12$Kbh2MJU6rEw/6UOzq7as3OKLbLZGsiOHnfw5heDzmbDSbK2qirR3m,organizer
902,baranova902@mail.ru,Евдокия,Васильевна,Баранова,$2b$12$Kbh2MJU6rEw/6UOzq7as3OKLbLZGsiOHnfw5heDzmbDSbK2qirR3m,organizer
903,vasilev903@mail.ru,Семён,Анатольевич,Васильев,$2b$12$Kbh2MJU6rEw/6UOzq7as3OKLbLZGsiOHnfw5heDzmbDSbK2qirR3m,organizer
904,kondrateva904@mail.ru,Татьяна,Анатольевна,Кондратьева,$2b$12$Kbh2MJU6rEw/6UOzq7as3OKLbLZGsiOHnfw5heDzmbDSbK2qirR3m,organizer
905,lebedev905@mail.ru,Аркадий,Анатольевич,Лебедев,$2b$12$Kbh2MJU6rEw/6UOzq7as3OKLbLZGsiOHnfw5heDzmbDSbK2qirR3m,organizer
906,krylov906@mail.ru,Анатолий,Борисович,Крылов,$2b$12$Kbh2MJU6rEw/6UOzq7as3OKLbLZGsiOHnfw5heDzmbDSbK2qirR3m,organizer
907,nikiforova907@mail.ru,Людмила,Владимировна,Никифорова,$2b$12$Kbh2MJU6rEw/6UOzq7as3OKLbLZGsiOHnfw5heDzmbDSbK2qirR3m,organizer
908,egorova908@mail.ru,Инна,Юрьевна,Егорова,$2b$12$Kbh2MJU6rEw/6UOzq7as3OKLbLZGsiOHnfw5heDzmbDSbK2qirR3m,organizer
909,vasileva909@mail.ru,Дарья,Романовна,Васильева,$2b$12$Kbh2MJU6rEw/6UOzq7as3OKLbLZGsiOHnfw5heDzmbDSbK2qirR3m,organizer
910,vasilev910@mail.ru,Фёдор,Иванович,Васильев,$2b$12$Kbh2MJU6rEw/6UOzq7as3OKLbLZGsiOHnfw5heDzmbDSbK2qirR3m,organizer
911,baranov911@mail.ru,Евгений,Евгеньевич,Баранов,$2b$12$Kbh2MJU6rEw/6UOzq7as3OKLbLZGsiOHnfw5heDzmbDSbK2qirR3m,organizer
912,chernyshyova912@mail.ru,Ксения,Олеговна,Чернышёва,$2b$12$Kbh2MJU6rEw/6UOzq7as3OKLbLZGsiOHnfw5heDzmbDSbK2qirR3m,organizer
913,novikov913@mail.ru,Станислав,Иванович,Новиков,$2b$12$Kbh2MJU6rEw/6UOzq7as3OKLbLZGsiOHnfw5heDzmbDSbK2qirR3m,organizer
914,zimin914@mail.ru,Вадим,Евгеньевич,Зимин,$2b$12$Kbh2MJU6rEw/6UOzq7as3OKLbLZGsiOHnfw5heDzmbDSbK2qirR3m,organizer
915,chernyshyov915@mail.ru,Павел,Иванович,Чернышёв,$2b$12$Kbh2MJU6rEw/6UOzq7as3OKLbLZGsiOHnfw5heDzmbDSbK2qirR3m,organizer
916,filatova916@mail.ru,Ирина,Николаевна,Филатова,$2b$12$Kbh2MJU6rEw/6UOzq7as3OKLbLZGsiOHnfw5heDzmbDSbK2qirR3m,organizer
917,kuznetsova917@mail.ru,Дарья,Анатольевна,Кузнецова,$2b$12$Kbh2MJU6rEw/6UOzq7as3OKLbLZGsiOHnfw5heDzmbDSbK2qirR3m,organizer
918,bashkirov918@mail.ru,Анатолий,Филиппович,Башкиров,$2b$12$Kbh2MJU6rEw/6UOzq7as3OKLbLZGsiOHnfw5heDzmbDSbK2qirR3m,organizer
919,semyonov919@mail.ru,Арсений,Максимович,Семёнов,$2b$12$Kbh2MJU6rEw/6UOzq7as3OKLbLZGsiOHnfw5heDzmbDSbK2qirR3m,organizer
920,nikitin920@mail.ru,Константин,Николаевич,Никитин,$2b$12$Kbh2MJU6rEw/6UOzq7as3OKLbLZGsiOHnfw5heDzmbDSbK2qirR3m,organizer
921,markova921@mail.ru,Вероника,Леонидовна,Маркова,$2b$12$Kbh2MJU6rEw/6UOzq7as3OKLbLZGsiOHnfw5heDzmbDSbK2qirR3m,organizer
922,golubeva922@mail.ru,Алина,Викторовна,Голубева,$2b$12$Kbh2MJU6rEw/6UOzq7as3OKLbLZGsiOHnfw5heDzmbDSbK2qirR3m,organizer
923,saveleva923@mail.ru,Инна,Александровна,Савельева,$2b$12$Kbh2MJU6rEw/6UOzq7as3OKLbLZGsiOHnfw5heDzmbDSbK2qirR3m,organizer
924,zaytseva924@mail.ru,Софья,Семёновна,Зайцева,$2b$12$Kbh2MJU6rEw/6UOzq7as3OKLbLZGsiOHnfw5heDzmbDSbK2qirR3m,organizer
925,morozov925@mail.ru,Владимир,Фёдорович,Морозов,$2b$12$Kbh2MJU6rEw/6UOzq7as3OKLbLZGsiOHnfw5heDzmbDSbK2qirR3m,organizer
926,pavlova926@mail.ru,Зоя,Григорьевна,Павлова,$2b$12$Kbh2MJU6rEw/6UOzq7as3OKLbLZGsiOHnfw5heDzmbDSbK2qirR3m,organizer
927,zaytsev927@mail.ru,Роман,Леонидович,Зайцев,$2b$12$Kbh2MJU6rEw/6UOzq7as3OKLbLZGsiOHnfw5heDzmbDSbK2qirR3m,organizer
928,tarasov928@mail.ru,Андрей,Семёнович,Тарасов,$2b$12$Kbh2MJU6rEw/6UOzq7as3OKLbLZGsiOHnfw5heDzmbDSbK2qirR3m,organizer
929,vasilev929@mail.ru,Константин,Платонович,Васильев,$2b$12$Kbh2MJU6rEw/6UOzq7as3OKLbLZGsiOHnfw5heDzmbDSbK2qirR3m,organizer
930,belov930@mail.ru,Вадим,Геннадьевич,Белов,$2b$12$Kbh2MJU6rEw/6UOzq7as3OKLbLZGsiOHnfw5heDzmbDSbK2qirR3m,organizer
931,belkina931@mail.ru,Эльвира,Яковлевна,Белкина,$2b$12$Kbh2MJU6rEw/6UOzq7as3OKLbLZGsiOHnfw5heDzmbDSbK2qirR3m,organizer
932,morozov932@mail.ru,Всеволод,Борисович,Морозов,$2b$12$Kbh2MJU6rEw/6UOzq7as3OKLbLZGsiOHnfw5heDzmbDSbK2qirR3m,organizer
933,pavlova933@mail.ru,Раиса,Григорьевна,Павлова,$2b$12$Kbh2MJU6rEw/6UOzq7as3OKLbLZGsiOHnfw5heDzmbDSbK2qirR3m,organizer
934,tarasov934@mail.ru,Дмитрий,Вадимович,Тарасов,$2b$12$Kbh2MJU6rEw/6UOzq7as3OKLbLZGsiOHnfw5heDzmbDSbK2qirR3m,organizer
935,romanov935@mail.ru,Ярослав,Фёдорович,Романов,$2b$12$Kbh2MJU6rEw/6UOzq7as3OKLbLZGsiOHnfw5heDzmbDSbK2qirR3m,organizer
936,kozlov936@mail.ru,Дмитрий,Романович,Козлов,$2b$12$Kbh2MJU6rEw/6UOzq7as3OKLbLZGsiOHnfw5heDzmbDSbK2qirR3m,organizer
937,kozlov937@mail.ru,Вячеслав,Филиппович,Козлов,$2b$12$Kbh2MJU6rEw/6UOzq7as3OKLbLZGsiOHnfw5heDzmbDSbK2qirR3m,organizer
938,maksimov938@mail.ru,Илья,Евгеньевич,Максимов,$2b$12$Kbh2MJU6rEw/6UOzq7as3OKLbLZGsiOHnfw5heDzmbDSbK2qirR3m,organizer
939,bochkaryova939@mail.ru,Лариса,Андреевна,Бочкарёва,$2b$12$Kbh2MJU6rEw/6UOzq7as3OKLbLZGsiOHnfw5heDzmbDSbK2qirR3m,organizer
940,osipov940@mail.ru,Борис,Геннадьевич,Осипов,$2b$12$Kbh2MJU6rEw/6UOzq7as3OKLbLZGsiOHnfw5heDzmbDSbK2qirR3m,organizer
941,frolova941@mail.ru,Алёна,Егоровна,Фролова,$2b$12$Kbh2MJU6rEw/6UOzq7as3OKLbLZGsiOHnfw5heDzmbDSbK2qirR3m,organizer
942,golubeva942@mail.ru,Диана,Николаевна,Голубева,$2b$12$Kbh2MJU6rEw/6UOzq7as3OKLbLZGsiOHnfw5heDzmbDSbK2qirR3m,organizer
943,shestakova943@mail.ru,Зоя,Ильинична,Шестакова,$2b$12$Kbh2MJU6rEw/6UOzq7as3OKLbLZGsiOHnfw5heDzmbDSbK2qirR3m,organizer
944,petrov944@mail.ru,Алексей,Евгеньевич,Петров,$2b$12$Kbh2MJU6rEw/6UOzq7as3OKLbLZGsiOHnfw5heDzmbDSbK2qirR3m,organizer
945,popov945@mail.ru,Георгий,Михайлович,Попов,$2b$12$Kbh2MJU6rEw/6UOzq7as3OKLbLZGsiOHnfw5heDzmbDSbK2qirR3m,organizer
946,zaytseva946@mail.ru,Полина,Даниловна,Зайцева,$2b$12$Kbh2MJU6rEw/6UOzq7as3OKLbLZGsiOHnfw5heDzmbDSbK2qirR3m,organizer
947,zhukova947@mail.ru,Екатерина,Даниловна,Жукова,$2b$12$Kbh2MJU6rEw/6UOzq7as3OKLbLZGsiOHnfw5heDzmbDSbK2qirR3m,organizer
948,novikova948@mail.ru,Валерия,Владимировна,Новикова,$2b$12$Kbh2MJU6rEw/6UOzq7as3OKLbLZGsiOHnfw5heDzmbDSbK2qirR3m,organizer
949,bashkirov949@mail.ru,Леонид,Юрьевич,Башкиров,$2b$12$Kbh2MJU6rEw/6UOzq7as3OKLbLZGsiOHnfw5heDzmbDSbK2qirR3m,organizer
950,savelev950@mail.ru,Илья,Ильинич,Савельев,$2b$12$Kbh2MJU6rEw/6UOzq7as3OKLbLZGsiOHnfw5heDzmbDSbK2qirR3m,organizer
951,vorobyova951@mail.ru,Милана,Евгеньевна,Воробьёва,$2b$12$Kbh2MJU6rEw/6UOzq7as3OKLbLZGsiOHnfw5heDzmbDSbK2qirR3m,organizer
952,guseva952@mail.ru,Виктория,Владимировна,Гусева,$2b$12$Kbh2MJU6rEw/6UOzq7as3OKLbLZGsiOHnfw5heDzmbDSbK2qirR3m,organizer
953,bashkirov953@mail.ru,Семён,Васильевич,Башкиров,$2b$12$Kbh2MJU6rEw/6UOzq7as3OKLbLZGsiOHnfw5heDzmbDSbK2qirR3m,organizer
954,saveleva954@mail.ru,Галина,Филипповна,Савельева,$2b$12$Kbh2MJU6rEw/6UOzq7as3OKLbLZGsiOHnfw5heDzmbDSbK2qirR3m,organizer
955,kozlova955@mail.ru,Алла,Филипповна,Козлова,$2b$12$Kbh2MJU6rEw/6UOzq7as3OKLbLZGsiOHnfw5heDzmbDSbK2qirR3m,organizer
956,petrov956@mail.ru,Виктор,Вадимович,Петров,$2b$12$Kbh2MJU6rEw/6UOzq7as3OKLbLZGsiOHnfw5heDzmbDSbK2qirR3m,organizer
957,bochkaryova957@mail.ru,Ксения,Тарасовна,Бочкарёва,$2b$12$Kbh2MJU6rEw/6UOzq7as3OKLbLZGsiOHnfw5heDzmbDSbK2qirR3m,organizer
958,andreeva958@mail.ru,Агата,Геннадьевна,Андреева,$2b$12$Kbh2MJU6rEw/6UOzq7as3OKLbLZGsiOHnfw5heDzmbDSbK2qirR3m,organizer
959,lobanov959@mail.ru,Илья,Семёнович,Лобанов,$2b$12$Kbh2MJU6rEw/6UOzq7as3OKLbLZGsiOHnfw5heDzmbDSbK2qirR3m,organizer
960,mironov960@mail.ru,Николай,Вадимович,Миронов,$2b$12$Kbh2MJU6rEw/6UOzq7as3OKLbLZGsiOHnfw5heDzmbDSbK2qirR3m,organizer
961,lebedev961@mail.ru,Руслан,Семёнович,Лебедев,$2b$12$Kbh2MJU6rEw/6UOzq7as3OKLbLZGsiOHnfw5heDzmbDSbK2qirR3m,organizer
962,krylova962@mail.ru,Нелли,Борисовна,Крылова,$2b$12$Kbh2MJU6rEw/6UOzq7as3OKLbLZGsiOHnfw5heDzmbDSbK2qirR3m,organizer
963,petrov963@mail.ru,Станислав,Тарасович,Петров,$2b$12$Kbh2MJU6rEw/6UOzq7as3OKLbLZGsiOHnfw5heDzmbDSbK2qirR3m,organizer
964,nikitina964@mail.ru,Яна,Вадимовна,Никитина,$2b$12$Kbh2MJU6rEw/6UOzq7as3OKLbLZGsiOHnfw5heDzmbDSbK2qirR3m,organizer
965,ivanov965@mail.ru,Егор,Геннадьевич,Иванов,$2b$12$Kbh2MJU6rEw/6UOzq7as3OKLbLZGsiOHnfw5heDzmbDSbK2qirR3m,organizer
966,fyodorova966@mail.ru,Ксения,Алексеевна,Фёдорова,$2b$12$Kbh2MJU6rEw/6UOzq7as3OKLbLZGsiOHnfw5heDzmbDSbK2qirR3m,organizer
967,romanov967@mail.ru,Илья,Фёдорович,Романов,$2b$12$Kbh2MJU6rEw/6UOzq7as3OKLbLZGsiOHnfw5heDzmbDSbK2qirR3m,organizer
968,safonova968@mail.ru,Надежда,Петровна,Сафонова,$2b$12$Kbh2MJU6rEw/6UOzq7as3OKLbLZGsiOHnfw5heDzmbDSbK2qirR3m,organizer
969,belyaeva969@mail.ru,Наталья,Евгеньевна,Беляева,$2b$12$Kbh2MJU6rEw/6UOzq7as3OKLbLZGsiOHnfw5heDzmbDSbK2qirR3m,organizer
970,lavrov970@mail.ru,Денис,Павлович,Лавров,$2b$12$Kbh2MJU6rEw/6UOzq7as3OKLbLZGsiOHnfw5heDzmbDSbK2qirR3m,organizer
971,guseva971@mail.ru,Вероника,Евгеньевна,Гусева,$2b$12$Kbh2MJU6rEw/6UOzq7as3OKLbLZGsiOHnfw5heDzmbDSbK2qirR3m,organizer
972,petrov972@mail.ru,Денис,Константинович,Петров,$2b$12$Kbh2MJU6rEw/6UOzq7as3OKLbLZGsiOHnfw5heDzmbDSbK2qirR3m,organizer
973,komarova973@mail.ru,Вероника,Дмитриевна,Комарова,$2b$12$Kbh2MJU6rEw/6UOzq7as3OKLbLZGsiOHnfw5heDzmbDSbK2qirR3m,organizer
974,egorov974@mail.ru,Денис,Васильевич,Егоров,$2b$12$Kbh2MJU6rEw/6UOzq7as3OKLbLZGsiOHnfw5heDzmbDSbK2qirR3m,organizer
975,chernov975@mail.ru,Георгий,Дмитриевич,Чернов,$2b$12$Kbh2MJU6rEw/6UOzq7as3OKLbLZGsiOHnfw5heDzmbDSbK2qirR3m,organizer
976,ermakova976@mail.ru,Вероника,Фёдоровна,Ермакова,$2b$12$Kbh2MJU6rEw/6UOzq7as3OKLbLZGsiOHnfw5heDzmbDSbK2qirR3m,organizer
977,chernyshyov977@mail.ru,Владимир,Егорович,Чернышёв,$2b$12$Kbh2MJU6rEw/6UOzq7as3OKLbLZGsiOHnfw5heDzmbDSbK2qirR3m,organizer
978,shubin978@mail.ru,Павел,Олегович,Шубин,$2b$12$Kbh2MJU6rEw/6UOzq7as3OKLbLZGsiOHnfw5heDzmbDSbK2qirR3m,organizer
979,fyodorov979@mail.ru,Павел,Петрович,Фёдоров,$2b$12$Kbh2MJU6rEw/6UOzq7as3OKLbLZGsiOHnfw5heDzmbDSbK2qirR3m,organizer
980,vasilev980@mail.ru,Вадим,Юрьевич,Васильев,$2b$12$Kbh2MJU6rEw/6UOzq7as3OKLbLZGsiOHnfw5heDzmbDSbK2qirR3m,organizer
981,safonova981@mail.ru,Диана,Николаевна,Сафонова,$2b$12$Kbh2MJU6rEw/6UOzq7as3OKLbLZGsiOHnfw5heDzmbDSbK2qirR3m,organizer
982,fadeev982@mail.ru,Родион,Филиппович,Фадеев,$2b$12$Kbh2MJU6rEw/6UOzq7as3OKLbLZGsiOHnfw5heDzmbDSbK2qirR3m,organizer
983,sergeeva983@mail.ru,Валерия,Сергеевна,Сергеева,$2b$12$Kbh2MJU6rEw/6UOzq7as3OKLbLZGsiOHnfw5heDzmbDSbK2qirR3m,organizer
984,romanova984@mail.ru,Вероника,Игоревна,Романова,$2b$12$Kbh2MJU6rEw/6UOzq7as3OKLbLZGsiOHnfw5heDzmbDSbK2qirR3m,organizer
985,biryukova985@mail.ru,Анна,Леонидовна,Бирюкова,$2b$12$Kbh2MJU6rEw/6UOzq7as3OKLbLZGsiOHnfw5heDzmbDSbK2qirR3m,organizer
986,volkov986@mail.ru,Егор,Евгеньевич,Волков,$2b$12$Kbh2MJU6rEw/6UOzq7as3OKLbLZGsiOHnfw5heDzmbDSbK2qirR3m,organizer
987,zhukov987@mail.ru,Егор,Алексеевич,Жуков,$2b$12$Kbh2MJU6rEw/6UOzq7as3OKLbLZGsiOHnfw5heDzmbDSbK2qirR3m,organizer
988,belova988@mail.ru,Оксана,Леонидовна,Белова,$2b$12$Kbh2MJU6rEw/6UOzq7as3OKLbLZGsiOHnfw5heDzmbDSbK2qirR3m,organizer
989,belov989@mail.ru,Алексей,Ильинич,Белов,$2b$12$Kbh2MJU6rEw/6UOzq7as3OKLbLZGsiOHnfw5heDzmbDSbK2qirR3m,organizer
990,ryabova990@mail.ru,Валерия,Филипповна,Рябова,$2b$12$Kbh2MJU6rEw/6UOzq7as3OKLbLZGsiOHnfw5heDzmbDSbK2qirR3m,organizer
991,davydova991@mail.ru,Евдокия,Константиновна,Давыдова,$2b$12$Kbh2MJU6rEw/6UOzq7as3OKLbLZGsiOHnfw5heDzmbDSbK2qirR3m,organizer
992,romanov992@mail.ru,Арсений,Леонидович,Романов,$2b$12$Kbh2MJU6rEw/6UOzq7as3OKLbLZGsiOHnfw5heDzmbDSbK2qirR3m,organizer
993,tarasenko993@mail.ru,Софья,Дмитриевна,Тарасенко,$2b$12$Kbh2MJU6rEw/6UOzq7as3OKLbLZGsiOHnfw5heDzmbDSbK2qirR3m,organizer
994,melnikova994@mail.ru,Татьяна,Викторовна,Мельникова,$2b$12$Kbh2MJU6rEw/6UOzq7as3OKLbLZGsiOHnfw5heDzmbDSbK2qirR3m,organizer
995,fadeev995@mail.ru,Артём,Никитич,Фадеев,$2b$12$Kbh2MJU6rEw/6UOzq7as3OKLbLZGsiOHnfw5heDzmbDSbK2qirR3m,organizer
996,belyaev996@mail.ru,Глеб,Романович,Беляев,$2b$12$Kbh2MJU6rEw/6UOzq7as3OKLbLZGsiOHnfw5heDzmbDSbK2qirR3m,organizer
997,kondratev997@mail.ru,Роман,Иванович,Кондратьев,$2b$12$Kbh2MJU6rEw/6UOzq7as3OKLbLZGsiOHnfw5heDzmbDSbK2qirR3m,organizer
998,zhukova998@mail.ru,Галина,Станиславовна,Жукова,$2b$12$Kbh2MJU6rEw/6UOzq7as3OKLbLZGsiOHnfw5heDzmbDSbK2qirR3m,organizer
999,zimina999@mail.ru,Мария,Евгеньевна,Зимина,$2b$12$Kbh2MJU6rEw/6UOzq7as3OKLbLZGsiOHnfw5heDzmbDSbK2qirR3m,organizer
1000,filippova1000@mail.ru,Марина,Юрьевна,Филиппова,$2b$12$Kbh2MJU6rEw/6UOzq7as3OKLbLZGsiOHnfw5heDzmbDSbK2qirR3m,organizer
1001,maksimova1001@mail.ru,Агата,Андреевна,Максимова,$2b$12$Kbh2MJU6rEw/6UOzq7as3OKLbLZGsiOHnfw5heDzmbDSbK2qirR3m,organizer
1002,zimin1002@mail.ru,Алексей,Сергеевич,Зимин,$2b$12$Kbh2MJU6rEw/6UOzq7as3OKLbLZGsiOHnfw5heDzmbDSbK2qirR3m,organizer
1003,nikolaeva1003@mail.ru,Лариса,Максимовна,Николаева,$2b$12$Kbh2MJU6rEw/6UOzq7as3OKLbLZGsiOHnfw5heDzmbDSbK2qirR3m,organizer
1004,morozova1004@mail.ru,Надежда,Евгеньевна,Морозова,$2b$12$Kbh2MJU6rEw/6UOzq7as3OKLbLZGsiOHnfw5heDzmbDSbK2qirR3m,organizer
1005,solovyov1005@mail.ru,Руслан,Филиппович,Соловьёв,$2b$12$Kbh2MJU6rEw/6UOzq7as3OKLbLZGsiOHnfw5heDzmbDSbK2qirR3m,organizer
1006,volkov1006@mail.ru,Руслан,Олегович,Волков,$2b$12$Kbh2MJU6rEw/6UOzq7as3OKLbLZGsiOHnfw5heDzmbDSbK2qirR3m,organizer
1007,andreev1007@mail.ru,Евгений,Евгеньевич,Андреев,$2b$12$Kbh2MJU6rEw/6UOzq7as3OKLbLZGsiOHnfw5heDzmbDSbK2qirR3m,organizer
1008,zimin1008@mail.ru,Антон,Леонидович,Зимин,$2b$12$Kbh2MJU6rEw/6UOzq7as3OKLbLZGsiOHnfw5heDzmbDSbK2qirR3m,organizer
1009,yakovlev1009@mail.ru,Руслан,Сергеевич,Яковлев,$2b$12$Kbh2MJU6rEw/6UOzq7as3OKLbLZGsiOHnfw5heDzmbDSbK2qirR3m,organizer
1010,kuznetsov1010@mail.ru,Фёдор,Петрович,Кузнецов,$2b$12$Kbh2MJU6rEw/6UOzq7as3OKLbLZGsiOHnfw5heDzmbDSbK2qirR3m,organizer
1011,nikitin1011@mail.ru,Дмитрий,Данилович,Никитин,$2b$12$Kbh2MJU6rEw/6UOzq7as3OKLbLZGsiOHnfw5heDzmbDSbK2qirR3m,organizer
1012,fyodorov1012@mail.ru,Евгений,Григорьевич,Фёдоров,$2b$12$Kbh2MJU6rEw/6UOzq7as3OKLbLZGsiOHnfw5heDzmbDSbK2qirR3m,organizer
1013,osipov1013@mail.ru,Кирилл,Олегович,Осипов,$2b$12$Kbh2MJU6rEw/6UOzq7as3OKLbLZGsiOHnfw5heDzmbDSbK2qirR3m,organizer
1014,frolov1014@mail.ru,Павел,Семёнович,Фролов,$2b$12$Kbh2MJU6rEw/6UOzq7as3OKLbLZGsiOHnfw5heDzmbDSbK2qirR3m,organizer
1015,osipova1015@mail.ru,Марина,Александровна,Осипова,$2b$12$Kbh2MJU6rEw/6UOzq7as3OKLbLZGsiOHnfw5heDzmbDSbK2qirR3m,organizer
1016,kozlova1016@mail.ru,Лариса,Олеговна,Козлова,$2b$12$Kbh2MJU6rEw/6UOzq7as3OKLbLZGsiOHnfw5heDzmbDSbK2qirR3m,organizer
1017,savelev1017@mail.ru,Андрей,Иванович,Савельев,$2b$12$Kbh2MJU6rEw/6UOzq7as3OKLbLZGsiOHnfw5heDzmbDSbK2qirR3m,organizer
1018,kozlov1018@mail.ru,Родион,Игоревич,Козлов,$2b$12$Kbh2MJU6rEw/6UOzq7as3OKLbLZGsiOHnfw5heDzmbDSbK2qirR3m,organizer
1019,fyodorov1019@mail.ru,Глеб,Анатольевич,Фёдоров,$2b$12$Kbh2MJU6rEw/6UOzq7as3OKLbLZGsiOHnfw5heDzmbDSbK2qirR3m,organizer
1020,andreev1020@mail.ru,Георгий,Петрович,Андреев,$2b$12$Kbh2MJU6rEw/6UOzq7as3OKLbLZGsiOHnfw5heDzmbDSbK2qirR3m,organizer
1021,baranov1021@mail.ru,Тарас,Павлович,Баранов,$2b$12$Kbh2MJU6rEw/6UOzq7as3OKLbLZGsiOHnfw5heDzmbDSbK2qirR3m,organizer
1022,solovyova1022@mail.ru,Алла,Павловна,Соловьёва,$2b$12$Kbh2MJU6rEw/6UOzq7as3OKLbLZGsiOHnfw5heDzmbDSbK2qirR3m,organizer
1023,nikolaeva1023@mail.ru,Милана,Васильевна,Николаева,$2b$12$Kbh2MJU6rEw/6UOzq7as3OKLbLZGsiOHnfw5heDzmbDSbK2qirR3m,organizer
1024,lavrov1024@mail.ru,Владимир,Григорьевич,Лавров,$2b$12$Kbh2MJU6rEw/6UOzq7as3OKLbLZGsiOHnfw5heDzmbDSbK2qirR3m,organizer
1025,stepanov1025@mail.ru,Игорь,Петрович,Степанов,$2b$12$Kbh2MJU6rEw/6UOzq7as3OKLbLZGsiOHnfw5heDzmbDSbK2qirR3m,organizer
1026,egorova1026@mail.ru,Вероника,Родионовна,Егорова,$2b$12$Kbh2MJU6rEw/6UOzq7as3OKLbLZGsiOHnfw5heDzmbDSbK2qirR3m,organizer
1027,shubina1027@mail.ru,Валерия,Дмитриевна,Шубина,$2b$12$Kbh2MJU6rEw/6UOzq7as3OKLbLZGsiOHnfw5heDzmbDSbK2qirR3m,organizer
1028,maksimov1028@mail.ru,Руслан,Станиславович,Максимов,$2b$12$Kbh2MJU6rEw/6UOzq7as3OKLbLZGsiOHnfw5heDzmbDSbK2qirR3m,organizer
1029,titov1029@mail.ru,Василий,Владимирович,Титов,$2b$12$Kbh2MJU6rEw/6UOzq7as3OKLbLZGsiOHnfw5heDzmbDSbK2qirR3m,organizer
1030,tarasov1030@mail.ru,Антон,Евгеньевич,Тарасов,$2b$12$Kbh2MJU6rEw/6UOzq7as3OKLbLZGsiOHnfw5heDzmbDSbK2qirR3m,organizer
1031,tarasenko1031@mail.ru,Нина,Семёновна,Тарасенко,$2b$12$Kbh2MJU6rEw/6UOzq7as3OKLbLZGsiOHnfw5heDzmbDSbK2qirR3m,organizer
1032,mironov1032@mail.ru,Дмитрий,Юрьевич,Миронов,$2b$12$Kbh2MJU6rEw/6UOzq7as3OKLbLZGsiOHnfw5heDzmbDSbK2qirR3m,organizer
1033,shubina1033@mail.ru,Надежда,Юрьевна,Шубина,$2b$12$Kbh2MJU6rEw/6UOzq7as3OKLbLZGsiOHnfw5heDzmbDSbK2qirR3m,organizer
1034,saveleva1034@mail.ru,Тамара,Евгеньевна,Савельева,$2b$12$Kbh2MJU6rEw/6UOzq7as3OKLbLZGsiOHnfw5heDzmbDSbK2qirR3m,organizer
1035,orlov1035@mail.ru,Егор,Александрович,Орлов,$2b$12$Kbh2MJU6rEw/6UOzq7as3OKLbLZGsiOHnfw5heDzmbDSbK2qirR3m,organizer
1036,mironova1036@mail.ru,Эльвира,Романовна,Миронова,$2b$12$Kbh2MJU6rEw/6UOzq7as3OKLbLZGsiOHnfw5heDzmbDSbK2qirR3m,organizer
1037,nikitina1037@mail.ru,Зоя,Дмитриевна,Никитина,$2b$12$Kbh2MJU6rEw/6UOzq7as3OKLbLZGsiOHnfw5heDzmbDSbK2qirR3m,organizer
1038,serova1038@mail.ru,Елена,Олеговна,Серова,$2b$12$Kbh2MJU6rEw/6UOzq7as3OKLbLZGsiOHnfw5heDzmbDSbK2qirR3m,organizer
1039,yakovlev1039@mail.ru,Тарас,Платонович,Яковлев,$2b$12$Kbh2MJU6rEw/6UOzq7as3OKLbLZGsiOHnfw5heDzmbDSbK2qirR3m,organizer
1040,danilov1040@mail.ru,Семён,Леонидович,Данилов,$2b$12$Kbh2MJU6rEw/6UOzq7as3OKLbLZGsiOHnfw5heDzmbDSbK2qirR3m,organizer
1041,davydov1041@mail.ru,Аркадий,Евгеньевич,Давыдов,$2b$12$Kbh2MJU6rEw/6UOzq7as3OKLbLZGsiOHnfw5heDzmbDSbK2qirR3m,organizer
1042,fadeeva1042@mail.ru,Вера,Леонидовна,Фадеева,$2b$12$Kbh2MJU6rEw/6UOzq7as3OKLbLZGsiOHnfw5heDzmbDSbK2qirR3m,organizer
1043,lebedeva1043@mail.ru,Инна,Константиновна,Лебедева,$2b$12$Kbh2MJU6rEw/6UOzq7as3OKLbLZGsiOHnfw5heDzmbDSbK2qirR3m,organizer
1044,goncharova1044@mail.ru,Полина,Александровна,Гончарова,$2b$12$Kbh2MJU6rEw/6UOzq7as3OKLbLZGsiOHnfw5heDzmbDSbK2qirR3m,organizer
1045,serova1045@mail.ru,Любовь,Борисовна,Серова,$2b$12$Kbh2MJU6rEw/6UOzq7as3OKLbLZGsiOHnfw5heDzmbDSbK2qirR3m,organizer
1046,petrov1046@mail.ru,Денис,Игоревич,Петров,$2b$12$Kbh2MJU6rEw/6UOzq7as3OKLbLZGsiOHnfw5heDzmbDSbK2qirR3m,organizer
1047,egorova1047@mail.ru,Любовь,Станиславовна,Егорова,$2b$12$Kbh2MJU6rEw/6UOzq7as3OKLbLZGsiOHnfw5heDzmbDSbK2qirR3m,organizer
1048,borisova1048@mail.ru,Олеся,Родионовна,Борисова,$2b$12$Kbh2MJU6rEw/6UOzq7as3OKLbLZGsiOHnfw5heDzmbDSbK2qirR3m,organizer
1049,bashkirova1049@mail.ru,Валерия,Леонидовна,Башкирова,$2b$12$Kbh2MJU6rEw/6UOzq7as3OKLbLZGsiOHnfw5heDzmbDSbK2qirR3m,organizer
1050,loginova1050@mail.ru,Инга,Алексеевна,Логинова,$2b$12$Kbh2MJU6rEw/6UOzq7as3OKLbLZGsiOHnfw5heDzmbDSbK2qirR3m,organizer
1051,danilov1051@mail.ru,Константин,Платонович,Данилов,$2b$12$Kbh2MJU6rEw/6UOzq7as3OKLbLZGsiOHnfw5heDzmbDSbK2qirR3m,organizer
1052,orlov1052@mail.ru,Аркадий,Егорович,Орлов,$2b$12$Kbh2MJU6rEw/6UOzq7as3OKLbLZGsiOHnfw5heDzmbDSbK2qirR3m,organizer
1053,popov1053@mail.ru,Егор,Павлович,Попов,$2b$12$Kbh2MJU6rEw/6UOzq7as3OKLbLZGsiOHnfw5heDzmbDSbK2qirR3m,organizer
1054,kulagina1054@mail.ru,Софья,Александровна,Кулагина,$2b$12$Kbh2MJU6rEw/6UOzq7as3OKLbLZGsiOHnfw5heDzmbDSbK2qirR3m,organizer
1055,saveleva1055@mail.ru,Алина,Тарасовна,Савельева,$2b$12$Kbh2MJU6rEw/6UOzq7as3OKLbLZGsiOHnfw5heDzmbDSbK2qirR3m,organizer
1056,nikiforova1056@mail.ru,Диана,Анатольевна,Никифорова,$2b$12$Kbh2MJU6rEw/6UOzq7as3OKLbLZGsiOHnfw5heDzmbDSbK2qirR3m,organizer
1057,komarova1057@mail.ru,Полина,Станиславовна,Комарова,$2b$12$Kbh2MJU6rEw/6UOzq7as3OKLbLZGsiOHnfw5heDzmbDSbK2qirR3m,organizer
1058,voronin1058@mail.ru,Евгений,Егорович,Воронин,$2b$12$Kbh2MJU6rEw/6UOzq7as3OKLbLZGsiOHnfw5heDzmbDSbK2qirR3m,organizer
1059,tarasov1059@mail.ru,Никита,Яковлевич,Тарасов,$2b$12$Kbh2MJU6rEw/6UOzq7as3OKLbLZGsiOHnfw5heDzmbDSbK2qirR3m,organizer
1060,fadeeva1060@mail.ru,Нина,Павловна,Фадеева,$2b$12$Kbh2MJU6rEw/6UOzq7as3OKLbLZGsiOHnfw5heDzmbDSbK2qirR3m,organizer
1061,ryabova1061@mail.ru,Елизавета,Юрьевна,Рябова,$2b$12$Kbh2MJU6rEw/6UOzq7as3OKLbLZGsiOHnfw5heDzmbDSbK2qirR3m,organizer
1062,fadeev1062@mail.ru,Антон,Петрович,Фадеев,$2b$12$Kbh2MJU6rEw/6UOzq7as3OKLbLZGsiOHnfw5heDzmbDSbK2qirR3m,organizer
1063,plotnikov1063@mail.ru,Георгий,Олегович,Плотников,$2b$12$Kbh2MJU6rEw/6UOzq7as3OKLbLZGsiOHnfw5heDzmbDSbK2qirR3m,organizer
1064,mironov1064@mail.ru,Леонид,Леонидович,Миронов,$2b$12$Kbh2MJU6rEw/6UOzq7as3OKLbLZGsiOHnfw5heDzmbDSbK2qirR3m,organizer
1065,sorokin1065@mail.ru,Никита,Васильевич,Сорокин,$2b$12$Kbh2MJU6rEw/6UOzq7as3OKLbLZGsiOHnfw5heDzmbDSbK2qirR3m,organizer
1066,ermakova1066@mail.ru,Инна,Аркадьевна,Ермакова,$2b$12$Kbh2MJU6rEw/6UOzq7as3OKLbLZGsiOHnfw5heDzmbDSbK2qirR3m,organizer
1067,lobanov1067@mail.ru,Егор,Вадимович,Лобанов,$2b$12$Kbh2MJU6rEw/6UOzq7as3OKLbLZGsiOHnfw5heDzmbDSbK2qirR3m,organizer
1068,novikova1068@mail.ru,Софья,Никитична,Новикова,$2b$12$Kbh2MJU6rEw/6UOzq7as3OKLbLZGsiOHnfw5heDzmbDSbK2qirR3m,organizer
1069,mironov1069@mail.ru,Владимир,Николаевич,Миронов,$2b$12$Kbh2MJU6rEw/6UOzq7as3OKLbLZGsiOHnfw5heDzmbDSbK2qirR3m,organizer
1070,bochkaryova1070@mail.ru,Татьяна,Ильинична,Бочкарёва,$2b$12$Kbh2MJU6rEw/6UOzq7as3OKLbLZGsiOHnfw5heDzmbDSbK2qirR3m,organizer
1071,gromova1071@mail.ru,Алла,Егоровна,Громова,$2b$12$Kbh2MJU6rEw/6UOzq7as3OKLbLZGsiOHnfw5heDzmbDSbK2qirR3m,organizer
1072,nikitina1072@mail.ru,Евдокия,Геннадьевна,Никитина,$2b$12$Kbh2MJU6rEw/6UOzq7as3OKLbLZGsiOHnfw5heDzmbDSbK2qirR3m,organizer
1073,polyakova1073@mail.ru,Татьяна,Даниловна,Полякова,$2b$12$Kbh2MJU6rEw/6UOzq7as3OKLbLZGsiOHnfw5heDzmbDSbK2qirR3m,organizer
1074,petrov1074@mail.ru,Станислав,Геннадьевич,Петров,$2b$12$Kbh2MJU6rEw/6UOzq7as3OKLbLZGsiOHnfw5heDzmbDSbK2qirR3m,organizer
1075,zimin1075@mail.ru,Станислав,Анатольевич,Зимин,$2b$12$Kbh2MJU6rEw/6UOzq7as3OKLbLZGsiOHnfw5heDzmbDSbK2qirR3m,organizer
1076,morozov1076@mail.ru,Борис,Вадимович,Морозов,$2b$12$Kbh2MJU6rEw/6UOzq7as3OKLbLZGsiOHnfw5heDzmbDSbK2qirR3m,organizer
1077,zhukova1077@mail.ru,Ольга,Егоровна,Жукова,$2b$12$Kbh2MJU6rEw/6UOzq7as3OKLbLZGsiOHnfw5heDzmbDSbK2qirR3m,organizer
1078,kondratev1078@mail.ru,Руслан,Олегович,Кондратьев,$2b$12$Kbh2MJU6rEw/6UOzq7as3OKLbLZGsiOHnfw5heDzmbDSbK2qirR3m,organizer
1079,voronina1079@mail.ru,Ирина,Вадимовна,Воронина,$2b$12$Kbh2MJU6rEw/6UOzq7as3OKLbLZGsiOHnfw5heDzmbDSbK2qirR3m,organizer
1080,guseva1080@mail.ru,Олеся,Александровна,Гусева,$2b$12$Kbh2MJU6rEw/6UOzq7as3OKLbLZGsiOHnfw5heDzmbDSbK2qirR3m,organizer
1081,stepanova1081@mail.ru,Любовь,Викторовна,Степанова,$2b$12$Kbh2MJU6rEw/6UOzq7as3OKLbLZGsiOHnfw5heDzmbDSbK2qirR3m,organizer
1082,orlov1082@mail.ru,Георгий,Павлович,Орлов,$2b$12$Kbh2MJU6rEw/6UOzq7as3OKLbLZGsiOHnfw5heDzmbDSbK2qirR3m,organizer
1083,kondrateva1083@mail.ru,Зоя,Станиславовна,Кондратьева,$2b$12$Kbh2MJU6rEw/6UOzq7as3OKLbLZGsiOHnfw5heDzmbDSbK2qirR3m,organizer
1084,romanov1084@mail.ru,Филипп,Тарасович,Романов,$2b$12$Kbh2MJU6rEw/6UOzq7as3OKLbLZGsiOHnfw5heDzmbDSbK2qirR3m,organizer
1085,fadeev1085@mail.ru,Тимофей,Павлович,Фадеев,$2b$12$Kbh2MJU6rEw/6UOzq7as3OKLbLZGsiOHnfw5heDzmbDSbK2qirR3m,organizer
1086,saveleva1086@mail.ru,Дарья,Константиновна,Савельева,$2b$12$Kbh2MJU6rEw/6UOzq7as3OKLbLZGsiOHnfw5heDzmbDSbK2qirR3m,organizer
1087,sorokin1087@mail.ru,Родион,Викторович,Сорокин,$2b$12$Kbh2MJU6rEw/6UOzq7as3OKLbLZGsiOHnfw5heDzmbDSbK2qirR3m,organizer
1088,komarova1088@mail.ru,Людмила,Викторовна,Комарова,$2b$12$Kbh2MJU6rEw/6UOzq7as3OKLbLZGsiOHnfw5heDzmbDSbK2qirR3m,organizer
1089,krylov1089@mail.ru,Константин,Фёдорович,Крылов,$2b$12$Kbh2MJU6rEw/6UOzq7as3OKLbLZGsiOHnfw5heDzmbDSbK2qirR3m,organizer
1090,bashkirov1090@mail.ru,Дмитрий,Никитич,Башкиров,$2b$12$Kbh2MJU6rEw/6UOzq7as3OKLbLZGsiOHnfw5heDzmbDSbK2qirR3m,organizer
1091,solovyov1091@mail.ru,Аркадий,Павлович,Соловьёв,$2b$12$Kbh2MJU6rEw/6UOzq7as3OKLbLZGsiOHnfw5heDzmbDSbK2qirR3m,organizer
1092,smirnova1092@mail.ru,Милана,Тарасовна,Смирнова,$2b$12$Kbh2MJU6rEw/6UOzq7as3OKLbLZGsiOHnfw5heDzmbDSbK2qirR3m,organizer
1093,vasilev1093@mail.ru,Андрей,Геннадьевич,Васильев,$2b$12$Kbh2MJU6rEw/6UOzq7as3OKLbLZGsiOHnfw5heDzmbDSbK2qirR3m,organizer
1094,popova1094@mail.ru,Алла,Филипповна,Попова,$2b$12$Kbh2MJU6rEw/6UOzq7as3OKLbLZGsiOHnfw5heDzmbDSbK2qirR3m,organizer
1095,shubina1095@mail.ru,Светлана,Григорьевна,Шубина,$2b$12$Kbh2MJU6rEw/6UOzq7as3OKLbLZGsiOHnfw5heDzmbDSbK2qirR3m,organizer
1096,semyonova1096@mail.ru,Жанна,Геннадьевна,Семёнова,$2b$12$Kbh2MJU6rEw/6UOzq7as3OKLbLZGsiOHnfw5heDzmbDSbK2qirR3m,organizer
1097,volkov1097@mail.ru,Филипп,Яковлевич,Волков,$2b$12$Kbh2MJU6rEw/6UOzq7as3OKLbLZGsiOHnfw5heDzmbDSbK2qirR3m,organizer
1098,ivanov1098@mail.ru,Семён,Павлович,Иванов,$2b$12$Kbh2MJU6rEw/6UOzq7as3OKLbLZGsiOHnfw5heDzmbDSbK2qirR3m,organizer
1099,ivanov1099@mail.ru,Виктор,Сергеевич,Иванов,$2b$12$Kbh2MJU6rEw/6UOzq7as3OKLbLZGsiOHnfw5heDzmbDSbK2qirR3m,organizer
1100,zhukov1100@mail.ru,Павел,Иванович,Жуков,$2b$12$Kbh2MJU6rEw/6UOzq7as3OKLbLZGsiOHnfw5heDzmbDSbK2qirR3m,organizer
