Type,Name,Request Count,Failure Count,Median Response Time,Average Response Time,Min Response Time,Max Response Time,Average Content Size,Requests/s,Failures/s,50%,66%,75%,80%,90%,95%,98%,99%,99.9%,99.99%,100%
POST,/code/verify,56153,46876,51,49.382485933752484,2.3651129999961995,147.2253609999825,63.400281374102896,935.1575351260275,780.6607771012709,51,55,58,60,64,69,81,110,130,140,150
,Aggregated,56153,46876,51,49.382485933752484,2.3651129999961995,147.2253609999825,63.400281374102896,935.1575351260275,780.6607771012709,51,55,58,60,64,69,81,110,130,140,150
