Type,Name,Request Count,Failure Count,Median Response Time,Average Response Time,Min Response Time,Max Response Time,Average Content Size,Requests/s,Failures/s,50%,66%,75%,80%,90%,95%,98%,99%,99.9%,99.99%,100%
POST,/login,100,0,14,23.945329970003968,5.705700000135039,127.97460899992075,693.21,1.6659983229927446,0.0,14,18,21,25,81,95,130,130,130,130,130
GET,/organizer/,1286,42,560,1028.2572146570772,0.5970849999812344,12858.996037999987,85528.9432348367,21.424738433686695,0.6997192956569527,560,960,1200,1400,2300,3200,6400,8700,13000,13000,13000
POST,/organizer/ (cancel),277,10,760,1336.9759484187618,2.2619329999997717,10500.551911000002,26.176895306859205,4.6148153546899024,0.16659983229927444,760,1100,1400,1600,3000,6600,7700,8700,11000,11000,11000
PUT,/organizer/ (create),1382,44,810,1218.2117126765509,0.64476299985472,12044.57560600008,17.978292329956584,23.02409682375973,0.7330392621168076,810,1300,1500,1700,2600,3600,5400,8000,12000,12000,12000
POST,/organizer/ (update),439,20,1100,1688.3970414214143,0.7388459998765029,12903.577163000136,26.15261958997722,7.313732637938148,0.3331996645985489,1100,1700,2100,2300,3900,5700,9300,10000,13000,13000,13000
POST,/organizer/match,275,7,770,1142.7352903236326,0.9804229998735536,11665.468673000078,26.38909090909091,4.5814953882300475,0.11661988260949212,770,1200,1400,1600,2500,3400,6000,8700,12000,12000,12000
GET,/organizer/teams,1068,13,470,868.2288231778947,1.7481930001395085,11467.98382499992,2206.11329588015,17.79286208956251,0.21657978198905678,480,800,1000,1200,1900,2800,4500,7400,11000,11000,11000
,Aggregated,4827,136,650,1110.704604278844,0.5970849999812344,12903.577163000136,23299.462606173605,80.41773905085978,2.2657577192701326,650,1000,1400,1600,2400,3600,6600,8500,12000,13000,13000
