Type,Name,Request Count,Failure Count,Median Response Time,Average Response Time,Min Response Time,Max Response Time,Average Content Size,Requests/s,Failures/s,50%,66%,75%,80%,90%,95%,98%,99%,99.9%,99.99%,100%
GET,/search/competence,13859,0,73,77.63694684075311,2.6199369999631017,276.5167019999808,19.938379392452557,230.5957435815769,0.0,73,83,90,97,120,150,180,200,250,280,280
GET,/search/project,13966,0,96,99.42576775411848,4.709463000153846,433.94690900004207,45.873693255047975,232.37608448375084,0.0,96,110,120,120,150,180,210,230,290,340,430
GET,/search/project/{id},13945,0,140,142.2037105300118,6.343023999988873,427.68347599985646,1059.0252420222303,232.0266717833242,0.0,140,150,170,180,210,250,280,310,370,400,430
GET,/search/role,14004,0,73,77.33627015581197,2.449475000048551,293.13601199987716,13.823121965152813,233.00835508452292,0.0,73,82,90,97,120,150,180,200,260,280,290
,Aggregated,55774,0,90,99.1608740510457,2.449475000048551,433.94690900004207,284.6968838526912,928.0068549331748,0.0,90,110,130,140,170,200,230,260,340,380,430
